date,time,product,device,clicks,clicks_rev
20/06/02,00:00:00,health,mobile,293,882.2147
20/06/02,00:00:00,life,mobile,126,551.4755
20/06/02,00:00:00,medicare,mobile,62,212.1706
20/06/02,00:00:00,life,tablet,2,2.268
20/06/02,00:00:00,medicare,computer,25,145.9052
20/06/02,00:00:00,health,computer,65,165.9418
20/06/02,00:00:00,life,computer,17,104.4968
20/06/02,00:00:00,health,tablet,3,5.6281
20/06/02,00:00:00,medicare,tablet,7,20.6361
20/06/02,01:00:00,health,tablet,5,14.8794
20/06/02,01:00:00,life,mobile,127,501.172
20/06/02,01:00:00,health,mobile,297,828.0372
20/06/02,01:00:00,health,computer,50,151.8637
20/06/02,01:00:00,life,computer,12,103.203
20/06/02,01:00:00,medicare,tablet,7,14.7874
20/06/02,01:00:00,medicare,mobile,52,211.5534
20/06/02,01:00:00,medicare,computer,22,146.9017
20/06/02,01:00:00,life,tablet,14,71.6484
20/06/02,02:00:00,life,mobile,121,454.4577
20/06/02,02:00:00,health,computer,35,130.8313
20/06/02,02:00:00,health,tablet,15,57.2435
20/06/02,02:00:00,medicare,mobile,79,299.256
20/06/02,02:00:00,health,mobile,264,859.1026
20/06/02,02:00:00,life,computer,23,131.488
20/06/02,02:00:00,medicare,computer,27,123.0584
20/06/02,02:00:00,life,tablet,7,16.8285
20/06/02,02:00:00,medicare,tablet,8,28.4199
20/06/02,03:00:00,life,mobile,232,926.3863
20/06/02,03:00:00,medicare,computer,44,270.5192
20/06/02,03:00:00,health,tablet,12,38.595
20/06/02,03:00:00,health,mobile,373,1415.6528
20/06/02,03:00:00,life,tablet,10,38.2686
20/06/02,03:00:00,life,computer,41,391.3955
20/06/02,03:00:00,medicare,tablet,11,45.6426
20/06/02,03:00:00,medicare,mobile,111,448.2094
20/06/02,03:00:00,health,computer,82,285.1766
20/06/02,04:00:00,health,mobile,464,1976.8438
20/06/02,04:00:00,life,mobile,267,1176.9043
20/06/02,04:00:00,health,computer,128,579.3884
20/06/02,04:00:00,medicare,mobile,143,642.8837
20/06/02,04:00:00,medicare,computer,70,472.2872
20/06/02,04:00:00,life,computer,63,437.053
20/06/02,04:00:00,life,tablet,19,66.5451
20/06/02,04:00:00,health,tablet,21,76.1472
20/06/02,04:00:00,medicare,tablet,13,77.9863
20/06/02,05:00:00,health,mobile,681,2816.7502
20/06/02,05:00:00,life,mobile,490,2019.7674
20/06/02,05:00:00,medicare,computer,151,1089.9474
20/06/02,05:00:00,life,tablet,34,106.6398
20/06/02,05:00:00,medicare,mobile,310,1414.5566
20/06/02,05:00:00,health,computer,232,1062.0516
20/06/02,05:00:00,health,tablet,42,171.7067
20/06/02,05:00:00,life,computer,101,754.8831
20/06/02,05:00:00,medicare,tablet,43,281.0057
20/06/02,06:00:00,medicare,mobile,445,2103.5643
20/06/02,06:00:00,life,mobile,564,2403.39240000001
20/06/02,06:00:00,health,mobile,754,3853.3424
20/06/02,06:00:00,medicare,tablet,71,340.1927
20/06/02,06:00:00,life,computer,169,1307.1065
20/06/02,06:00:00,medicare,computer,266,1856.8673
20/06/02,06:00:00,health,computer,473,2771.3372
20/06/02,06:00:00,health,tablet,44,249.6818
20/06/02,06:00:00,life,tablet,27,88.8132
20/06/02,07:00:00,life,mobile,783,3433.66810000001
20/06/02,07:00:00,health,mobile,845,4085.30050000001
20/06/02,07:00:00,medicare,computer,315,2535.9532
20/06/02,07:00:00,health,computer,553,3624.9707
20/06/02,07:00:00,life,tablet,43,162.7197
20/06/02,07:00:00,medicare,mobile,477,2237.664
20/06/02,07:00:00,medicare,tablet,83,459.836
20/06/02,07:00:00,life,computer,208,1821.4442
20/06/02,07:00:00,health,tablet,37,218.3988
20/06/02,08:00:00,health,mobile,974,4807.0657
20/06/02,08:00:00,life,mobile,713,2893.2453
20/06/02,08:00:00,health,computer,714,4656.3477
20/06/02,08:00:00,medicare,mobile,515,2426.5126
20/06/02,08:00:00,medicare,tablet,53,320.413
20/06/02,08:00:00,medicare,computer,369,2846.7782
20/06/02,08:00:00,life,computer,222,1779.4846
20/06/02,08:00:00,health,tablet,58,299.7476
20/06/02,08:00:00,life,tablet,63,248.8021
20/06/02,09:00:00,health,mobile,1087,5175.6196
20/06/02,09:00:00,medicare,mobile,549,2709.5627
20/06/02,09:00:00,health,tablet,67,340.0053
20/06/02,09:00:00,life,mobile,751,3263.6628
20/06/02,09:00:00,life,tablet,53,235.592
20/06/02,09:00:00,medicare,tablet,51,341.3758
20/06/02,09:00:00,life,computer,279,2252.4983
20/06/02,09:00:00,medicare,computer,360,2705.7217
20/06/02,09:00:00,health,computer,635,3864.5171
20/06/02,10:00:00,health,mobile,1118,5242.7033
20/06/02,10:00:00,life,mobile,793,3338.51340000001
20/06/02,10:00:00,medicare,computer,435,3312.8803
20/06/02,10:00:00,medicare,mobile,807,4127.69449999999
20/06/02,10:00:00,life,computer,201,1613.9541
20/06/02,10:00:00,health,computer,651,4037.4072
20/06/02,10:00:00,life,tablet,41,180.4508
20/06/02,10:00:00,health,tablet,72,390.6718
20/06/02,10:00:00,medicare,tablet,50,316.5456
20/06/02,11:00:00,medicare,mobile,809,4027.54310000001
20/06/02,11:00:00,health,mobile,1141,5406.09710000001
20/06/02,11:00:00,life,mobile,705,2874.44800000001
20/06/02,11:00:00,life,computer,312,2593.8184
20/06/02,11:00:00,health,computer,664,4111.5735
20/06/02,11:00:00,medicare,computer,436,3222.9592
20/06/02,11:00:00,health,tablet,74,361.1519
20/06/02,11:00:00,medicare,tablet,57,329.9816
20/06/02,11:00:00,life,tablet,61,336.7435
20/06/02,12:00:00,health,computer,751,4708.1792
20/06/02,12:00:00,health,mobile,1059,4941.32240000001
20/06/02,12:00:00,life,mobile,948,4652.50089999999
20/06/02,12:00:00,medicare,mobile,860,4275.7739
20/06/02,12:00:00,life,computer,398,2932.1567
20/06/02,12:00:00,medicare,computer,428,3087.6372
20/06/02,12:00:00,health,tablet,65,316.6784
20/06/02,12:00:00,medicare,tablet,70,387.1854
20/06/02,12:00:00,life,tablet,63,306.0612
20/06/02,13:00:00,medicare,mobile,901,4547.3903
20/06/02,13:00:00,health,mobile,997,4675.2444
20/06/02,13:00:00,health,computer,675,4050.0012
20/06/02,13:00:00,life,mobile,892,4198.73760000001
20/06/02,13:00:00,life,computer,343,2767.963
20/06/02,13:00:00,life,tablet,63,276.9565
20/06/02,13:00:00,medicare,computer,429,2850.4311
20/06/02,13:00:00,health,tablet,41,204.0534
20/06/02,13:00:00,medicare,tablet,66,385.1274
20/06/02,14:00:00,health,computer,643,3826.5819
20/06/02,14:00:00,life,computer,319,2521.7549
20/06/02,14:00:00,life,mobile,769,3472.7695
20/06/02,14:00:00,health,mobile,967,4304.2178
20/06/02,14:00:00,medicare,computer,457,3024.6152
20/06/02,14:00:00,medicare,mobile,746,3590.9405
20/06/02,14:00:00,medicare,tablet,94,519.934
20/06/02,14:00:00,life,tablet,46,209.4266
20/06/02,14:00:00,health,tablet,66,303.9359
20/06/02,15:00:00,life,computer,332,2219.6642
20/06/02,15:00:00,life,mobile,901,4127.1657
20/06/02,15:00:00,health,mobile,809,3456.0818
20/06/02,15:00:00,health,computer,519,2747.2917
20/06/02,15:00:00,medicare,mobile,615,2780.9937
20/06/02,15:00:00,medicare,computer,288,1868.0637
20/06/02,15:00:00,health,tablet,75,380.3115
20/06/02,15:00:00,medicare,tablet,54,232.2736
20/06/02,15:00:00,life,tablet,41,167.8321
20/06/02,15:00:00,life,other,1,6.21
20/06/02,16:00:00,health,computer,412,1844.9826
20/06/02,16:00:00,life,mobile,808,3996.0592
20/06/02,16:00:00,medicare,mobile,430,1976.2773
20/06/02,16:00:00,life,computer,305,2288.0409
20/06/02,16:00:00,health,mobile,766,2864.20650000001
20/06/02,16:00:00,life,tablet,44,180.9328
20/06/02,16:00:00,medicare,computer,175,1164.2451
20/06/02,16:00:00,health,tablet,68,257.4942
20/06/02,16:00:00,medicare,tablet,42,197.7358
20/06/02,17:00:00,life,mobile,643,3077.9118
20/06/02,17:00:00,medicare,mobile,352,1586.552
20/06/02,17:00:00,health,mobile,736,2512.1184
20/06/02,17:00:00,life,computer,159,1123.209
20/06/02,17:00:00,medicare,computer,146,959.5895
20/06/02,17:00:00,health,computer,422,1608.9219
20/06/02,17:00:00,life,tablet,26,80.737
20/06/02,17:00:00,medicare,tablet,44,193.0525
20/06/02,17:00:00,health,tablet,63,218.898
20/06/02,18:00:00,life,computer,169,1215.1645
20/06/02,18:00:00,medicare,mobile,235,849.1627
20/06/02,18:00:00,health,computer,315,1163.2309
20/06/02,18:00:00,health,mobile,932,2831.5378
20/06/02,18:00:00,life,mobile,460,2750.706
20/06/02,18:00:00,medicare,computer,119,743.918
20/06/02,18:00:00,life,tablet,28,156.1865
20/06/02,18:00:00,health,tablet,59,171.1895
20/06/02,18:00:00,medicare,tablet,20,113.9786
20/06/02,19:00:00,health,mobile,1000,2948.9415
20/06/02,19:00:00,life,mobile,368,1979.9153
20/06/02,19:00:00,medicare,mobile,209,776.8708
20/06/02,19:00:00,health,computer,280,868.610499999999
20/06/02,19:00:00,life,computer,159,1196.8798
20/06/02,19:00:00,health,tablet,45,130.2698
20/06/02,19:00:00,medicare,computer,134,820.399200000001
20/06/02,19:00:00,medicare,tablet,36,183.0516
20/06/02,19:00:00,life,tablet,24,87.6208
20/06/02,20:00:00,health,computer,288,860.7458
20/06/02,20:00:00,life,tablet,29,145.9616
20/06/02,20:00:00,health,mobile,1101,2996.6009
20/06/02,20:00:00,life,computer,119,861.052
20/06/02,20:00:00,life,mobile,383,1755.3797
20/06/02,20:00:00,medicare,computer,84,527.049
20/06/02,20:00:00,health,tablet,45,114.7219
20/06/02,20:00:00,medicare,mobile,202,688.121
20/06/02,20:00:00,medicare,tablet,20,100.7877
20/06/02,21:00:00,medicare,mobile,128,414.0753
20/06/02,21:00:00,life,computer,87,678.3793
20/06/02,21:00:00,health,computer,153,450.3515
20/06/02,21:00:00,life,mobile,275,1324.4254
20/06/02,21:00:00,health,mobile,700,1858.941
20/06/02,21:00:00,medicare,computer,59,299.4016
20/06/02,21:00:00,life,tablet,14,47.245
20/06/02,21:00:00,health,tablet,31,92.39
20/06/02,21:00:00,medicare,tablet,15,63.749
20/06/02,22:00:00,medicare,mobile,125,419.5853
20/06/02,22:00:00,health,mobile,555,1467.0525
20/06/02,22:00:00,medicare,computer,39,246.9921
20/06/02,22:00:00,life,mobile,202,1152.1702
20/06/02,22:00:00,health,computer,153,428.3166
20/06/02,22:00:00,life,computer,36,319.7777
20/06/02,22:00:00,medicare,tablet,5,8.8295
20/06/02,22:00:00,health,tablet,24,60.0081
20/06/02,22:00:00,life,tablet,8,35.6923
20/06/02,23:00:00,health,mobile,386,944.4313
20/06/02,23:00:00,life,mobile,206,794.0173
20/06/02,23:00:00,medicare,mobile,87,289.8152
20/06/02,23:00:00,health,computer,58,162.0884
20/06/02,23:00:00,health,tablet,7,16.0395
20/06/02,23:00:00,medicare,computer,35,152.411
20/06/02,23:00:00,life,computer,38,209.4453
20/06/02,23:00:00,life,tablet,14,50.906
20/06/02,23:00:00,medicare,tablet,5,18.5884
20/06/03,00:00:00,health,computer,57,194.4219
20/06/03,00:00:00,life,mobile,153,658.9904
20/06/03,00:00:00,health,mobile,316,855.6907
20/06/03,00:00:00,medicare,mobile,64,215.3474
20/06/03,00:00:00,medicare,tablet,6,17.4371
20/06/03,00:00:00,medicare,computer,26,107.9413
20/06/03,00:00:00,life,computer,24,209.8326
20/06/03,00:00:00,health,tablet,26,87.6962
20/06/03,00:00:00,life,tablet,4,12.742
20/06/03,01:00:00,health,mobile,308,880.003200000001
20/06/03,01:00:00,life,mobile,130,557.1842
20/06/03,01:00:00,health,computer,47,140.8949
20/06/03,01:00:00,medicare,mobile,55,187.0599
20/06/03,01:00:00,life,computer,20,147.0066
20/06/03,01:00:00,medicare,computer,36,260.7107
20/06/03,01:00:00,medicare,tablet,7,23.2297
20/06/03,01:00:00,health,tablet,3,7.854
20/06/03,01:00:00,life,tablet,2,6.5455
20/06/03,02:00:00,health,mobile,231,801.3918
20/06/03,02:00:00,life,mobile,159,627.74
20/06/03,02:00:00,health,tablet,6,11.8695
20/06/03,02:00:00,medicare,mobile,73,295.0179
20/06/03,02:00:00,medicare,tablet,2,4.2161
20/06/03,02:00:00,life,computer,27,168.3581
20/06/03,02:00:00,health,computer,80,286.1122
20/06/03,02:00:00,medicare,computer,18,99.8152
20/06/03,02:00:00,life,tablet,6,29.5771
20/06/03,03:00:00,health,mobile,335,1371.7046
20/06/03,03:00:00,health,computer,115,429.6373
20/06/03,03:00:00,life,mobile,184,830.1868
20/06/03,03:00:00,medicare,mobile,138,505.4112
20/06/03,03:00:00,life,computer,88,501.484
20/06/03,03:00:00,medicare,computer,44,326.3138
20/06/03,03:00:00,medicare,tablet,4,18.6057
20/06/03,03:00:00,health,tablet,14,69.4406
20/06/03,03:00:00,life,tablet,10,57.9531
20/06/03,04:00:00,health,mobile,440,1771.1368
20/06/03,04:00:00,medicare,mobile,220,960.7973
20/06/03,04:00:00,life,mobile,342,1521.7717
20/06/03,04:00:00,health,computer,148,595.079
20/06/03,04:00:00,medicare,computer,75,543.5585
20/06/03,04:00:00,health,tablet,34,190.0851
20/06/03,04:00:00,life,computer,117,634.6766
20/06/03,04:00:00,life,tablet,13,47.6851
20/06/03,04:00:00,medicare,tablet,12,74.7394
20/06/03,05:00:00,medicare,mobile,420,1960.7601
20/06/03,05:00:00,health,mobile,644,2711.353
20/06/03,05:00:00,life,mobile,555,2165.0739
20/06/03,05:00:00,medicare,computer,162,1228.407
20/06/03,05:00:00,health,computer,204,924.4519
20/06/03,05:00:00,life,computer,146,1070.0665
20/06/03,05:00:00,medicare,tablet,41,226.8566
20/06/03,05:00:00,health,tablet,19,74.764
20/06/03,05:00:00,life,tablet,31,128.1875
20/06/03,06:00:00,health,mobile,717,3514.6503
20/06/03,06:00:00,medicare,computer,350,2227.1572
20/06/03,06:00:00,medicare,mobile,645,2919.9969
20/06/03,06:00:00,life,mobile,700,3451.50110000001
20/06/03,06:00:00,life,computer,267,1976.8745
20/06/03,06:00:00,medicare,tablet,82,360.7641
20/06/03,06:00:00,health,computer,428,2490.4331
20/06/03,06:00:00,health,tablet,37,206.0705
20/06/03,06:00:00,life,tablet,48,165.8828
20/06/03,07:00:00,health,computer,564,3503.9489
20/06/03,07:00:00,health,mobile,860,4363.6414
20/06/03,07:00:00,life,mobile,784,4033.53170000001
20/06/03,07:00:00,medicare,computer,447,3080.5038
20/06/03,07:00:00,medicare,mobile,784,3360.3226
20/06/03,07:00:00,life,computer,239,1983.115
20/06/03,07:00:00,medicare,tablet,167,780.2627
20/06/03,07:00:00,health,tablet,41,235.5982
20/06/03,07:00:00,life,tablet,44,162.7164
20/06/03,08:00:00,life,computer,302,2301.9201
20/06/03,08:00:00,medicare,computer,393,2992.9035
20/06/03,08:00:00,medicare,mobile,845,3572.6589
20/06/03,08:00:00,life,mobile,739,3884.40790000001
20/06/03,08:00:00,health,computer,710,4606.5359
20/06/03,08:00:00,health,mobile,911,4411.0328
20/06/03,08:00:00,life,tablet,43,193.2513
20/06/03,08:00:00,medicare,tablet,114,494.4786
20/06/03,08:00:00,health,tablet,56,319.1505
20/06/03,09:00:00,health,mobile,995,4834.6701
20/06/03,09:00:00,health,computer,663,4215.4495
20/06/03,09:00:00,life,mobile,689,3247.09300000001
20/06/03,09:00:00,medicare,computer,356,2710.1331
20/06/03,09:00:00,medicare,mobile,718,3274.5276
20/06/03,09:00:00,life,computer,337,2634.8065
20/06/03,09:00:00,medicare,tablet,100,528.8718
20/06/03,09:00:00,health,tablet,56,296.2991
20/06/03,09:00:00,life,tablet,38,165.203
20/06/03,10:00:00,health,computer,667,4134.0427
20/06/03,10:00:00,health,mobile,1033,5001.9784
20/06/03,10:00:00,health,tablet,57,285.8666
20/06/03,10:00:00,medicare,tablet,61,335.9
20/06/03,10:00:00,life,computer,371,2851.2634
20/06/03,10:00:00,medicare,computer,383,3065.2881
20/06/03,10:00:00,life,mobile,708,3325.92090000001
20/06/03,10:00:00,medicare,mobile,689,3173.2653
20/06/03,10:00:00,life,tablet,57,295.0883
20/06/03,11:00:00,health,mobile,1059,4874.96020000001
20/06/03,11:00:00,medicare,mobile,882,4249.4624
20/06/03,11:00:00,life,mobile,669,3299.82920000001
20/06/03,11:00:00,health,computer,658,4124.9244
20/06/03,11:00:00,life,computer,329,2532.8663
20/06/03,11:00:00,life,tablet,54,276.9405
20/06/03,11:00:00,medicare,computer,365,2739.1101
20/06/03,11:00:00,medicare,tablet,67,355.3187
20/06/03,11:00:00,health,tablet,56,283.2872
20/06/03,12:00:00,health,computer,668,3998.3755
20/06/03,12:00:00,life,mobile,775,3675.62340000001
20/06/03,12:00:00,health,mobile,964,4616.1591
20/06/03,12:00:00,health,tablet,42,238.1412
20/06/03,12:00:00,medicare,computer,363,3143.2858
20/06/03,12:00:00,medicare,mobile,863,4034.7189
20/06/03,12:00:00,life,computer,297,2218.8019
20/06/03,12:00:00,life,tablet,42,227.8427
20/06/03,12:00:00,medicare,tablet,78,443.6297
20/06/03,13:00:00,life,computer,271,2083.4094
20/06/03,13:00:00,medicare,computer,339,2698.4898
20/06/03,13:00:00,medicare,mobile,871,3905.8615
20/06/03,13:00:00,life,mobile,860,3977.53990000001
20/06/03,13:00:00,health,mobile,991,4606.10450000001
20/06/03,13:00:00,health,computer,633,3851.832
20/06/03,13:00:00,health,tablet,87,454.2653
20/06/03,13:00:00,medicare,tablet,100,526.0115
20/06/03,13:00:00,life,tablet,58,276.5027
20/06/03,14:00:00,life,mobile,797,3644.42140000001
20/06/03,14:00:00,medicare,mobile,777,3562.9138
20/06/03,14:00:00,medicare,computer,262,2149.0544
20/06/03,14:00:00,life,computer,277,1979.3361
20/06/03,14:00:00,health,computer,483,3009.9031
20/06/03,14:00:00,health,mobile,917,4222.9999
20/06/03,14:00:00,medicare,tablet,89,469.1544
20/06/03,14:00:00,health,tablet,43,251.988
20/06/03,14:00:00,life,tablet,46,246.2837
20/06/03,15:00:00,life,mobile,703,3081.5949
20/06/03,15:00:00,medicare,mobile,666,2810.9986
20/06/03,15:00:00,health,mobile,867,3875.85440000001
20/06/03,15:00:00,life,computer,192,1518.2417
20/06/03,15:00:00,health,computer,488,2935.5571
20/06/03,15:00:00,life,tablet,37,214.7241
20/06/03,15:00:00,medicare,computer,240,1779.2373
20/06/03,15:00:00,medicare,tablet,64,311.8216
20/06/03,15:00:00,health,tablet,58,263.7939
20/06/03,16:00:00,health,computer,402,2002.3751
20/06/03,16:00:00,health,mobile,732,2904.2345
20/06/03,16:00:00,medicare,computer,214,1283.8613
20/06/03,16:00:00,life,computer,179,1623.6865
20/06/03,16:00:00,medicare,mobile,432,1839.6214
20/06/03,16:00:00,life,mobile,577,3185.6698
20/06/03,16:00:00,health,tablet,49,211.0059
20/06/03,16:00:00,life,tablet,24,85.5316
20/06/03,16:00:00,medicare,tablet,74,347.6719
20/06/03,17:00:00,life,computer,128,1154.2276
20/06/03,17:00:00,life,mobile,457,2652.7792
20/06/03,17:00:00,medicare,mobile,285,1174.3566
20/06/03,17:00:00,health,mobile,805,2857.9087
20/06/03,17:00:00,health,computer,355,1453.475
20/06/03,17:00:00,health,tablet,72,292.4623
20/06/03,17:00:00,medicare,computer,155,1180.542
20/06/03,17:00:00,life,tablet,27,154.8132
20/06/03,17:00:00,medicare,tablet,39,116.4659
20/06/03,18:00:00,life,mobile,370,2243.2905
20/06/03,18:00:00,health,mobile,892,2805.8799
20/06/03,18:00:00,medicare,computer,138,746.0356
20/06/03,18:00:00,health,tablet,42,142.3827
20/06/03,18:00:00,health,computer,397,1415.4213
20/06/03,18:00:00,life,computer,118,998.2344
20/06/03,18:00:00,medicare,mobile,242,808.2873
20/06/03,18:00:00,medicare,tablet,28,89.1648
20/06/03,18:00:00,life,tablet,28,151.4849
20/06/03,19:00:00,health,mobile,924,2894.9717
20/06/03,19:00:00,life,mobile,306,1578.1081
20/06/03,19:00:00,health,computer,268,916.6345
20/06/03,19:00:00,health,tablet,65,188.4686
20/06/03,19:00:00,medicare,computer,116,722.0187
20/06/03,19:00:00,medicare,mobile,207,722.193600000001
20/06/03,19:00:00,life,computer,96,646.9591
20/06/03,19:00:00,life,tablet,18,88.9425
20/06/03,19:00:00,medicare,tablet,25,67.8111
20/06/03,20:00:00,medicare,mobile,173,632.9025
20/06/03,20:00:00,health,computer,271,838.415400000001
20/06/03,20:00:00,life,mobile,262,1438.1949
20/06/03,20:00:00,health,mobile,893,2654.2952
20/06/03,20:00:00,life,tablet,17,37.941
20/06/03,20:00:00,medicare,computer,109,509.5004
20/06/03,20:00:00,health,tablet,39,146.7388
20/06/03,20:00:00,life,computer,90,763.5625
20/06/03,20:00:00,medicare,tablet,15,67.4155
20/06/03,21:00:00,health,computer,159,480.8901
20/06/03,21:00:00,health,mobile,690,1987.3151
20/06/03,21:00:00,life,computer,47,342.7726
20/06/03,21:00:00,life,mobile,220,1100.8138
20/06/03,21:00:00,health,tablet,29,78.2509
20/06/03,21:00:00,medicare,computer,114,564.8876
20/06/03,21:00:00,medicare,mobile,142,537.0885
20/06/03,21:00:00,medicare,tablet,15,40.6284
20/06/03,21:00:00,life,tablet,16,77.9096
20/06/03,22:00:00,health,mobile,518,1371.4836
20/06/03,22:00:00,life,mobile,178,747.7125
20/06/03,22:00:00,medicare,mobile,131,491.4554
20/06/03,22:00:00,medicare,computer,39,178.349
20/06/03,22:00:00,health,computer,95,303.7116
20/06/03,22:00:00,health,tablet,26,67.1063
20/06/03,22:00:00,life,computer,32,122.8375
20/06/03,22:00:00,life,tablet,10,36.8685
20/06/03,22:00:00,medicare,tablet,10,39.262
20/06/03,23:00:00,health,computer,99,245.9496
20/06/03,23:00:00,life,mobile,162,748.9915
20/06/03,23:00:00,health,mobile,353,939.6101
20/06/03,23:00:00,medicare,computer,39,192.4795
20/06/03,23:00:00,life,computer,33,204.1478
20/06/03,23:00:00,medicare,mobile,94,312.911
20/06/03,23:00:00,health,tablet,22,59.0945
20/06/03,23:00:00,life,tablet,9,20.0168
20/06/03,23:00:00,medicare,tablet,2,14.7611
20/06/04,00:00:00,health,mobile,328,871.3541
20/06/04,00:00:00,life,mobile,141,726.8017
20/06/04,00:00:00,health,computer,59,168.2306
20/06/04,00:00:00,health,tablet,13,44.5882
20/06/04,00:00:00,medicare,mobile,65,243.27
20/06/04,00:00:00,medicare,computer,31,192.3094
20/06/04,00:00:00,medicare,tablet,9,51.855
20/06/04,00:00:00,life,computer,20,128.0066
20/06/04,00:00:00,life,tablet,9,29.8563
20/06/04,01:00:00,health,computer,65,217.5154
20/06/04,01:00:00,life,mobile,107,591.5556
20/06/04,01:00:00,medicare,mobile,64,249.3091
20/06/04,01:00:00,health,mobile,268,740.5048
20/06/04,01:00:00,medicare,computer,38,198.7276
20/06/04,01:00:00,medicare,tablet,2,6.1139
20/06/04,01:00:00,life,computer,20,109.9798
20/06/04,01:00:00,life,tablet,5,27.6445
20/06/04,01:00:00,health,tablet,6,17.3836
20/06/04,02:00:00,life,mobile,142,672.2623
20/06/04,02:00:00,medicare,mobile,39,161.2714
20/06/04,02:00:00,health,mobile,270,923.4694
20/06/04,02:00:00,medicare,computer,46,294.678
20/06/04,02:00:00,health,computer,60,210.4597
20/06/04,02:00:00,health,tablet,25,92.6472
20/06/04,02:00:00,life,computer,33,201.9239
20/06/04,02:00:00,life,tablet,6,18.7348
20/06/04,02:00:00,medicare,tablet,8,29.7908
20/06/04,03:00:00,life,mobile,208,988.9363
20/06/04,03:00:00,life,computer,64,436.5128
20/06/04,03:00:00,medicare,mobile,134,450.8541
20/06/04,03:00:00,health,mobile,344,1340.1952
20/06/04,03:00:00,health,computer,85,316.8403
20/06/04,03:00:00,medicare,computer,65,402.9769
20/06/04,03:00:00,life,tablet,4,16.2784
20/06/04,03:00:00,medicare,tablet,8,42.1547
20/06/04,03:00:00,health,tablet,13,42.1877
20/06/04,04:00:00,health,computer,143,634.4412
20/06/04,04:00:00,health,tablet,19,87.9799
20/06/04,04:00:00,life,mobile,364,1548.2556
20/06/04,04:00:00,health,mobile,463,1852.2221
20/06/04,04:00:00,medicare,mobile,225,1016.9553
20/06/04,04:00:00,medicare,computer,110,685.7267
20/06/04,04:00:00,life,computer,82,451.3716
20/06/04,04:00:00,life,tablet,29,99.4043
20/06/04,04:00:00,medicare,tablet,14,104.3069
20/06/04,05:00:00,life,tablet,27,82.2088
20/06/04,05:00:00,health,computer,230,1048.3867
20/06/04,05:00:00,life,computer,130,1117.8306
20/06/04,05:00:00,medicare,mobile,448,2009.189
20/06/04,05:00:00,health,mobile,682,2859.2549
20/06/04,05:00:00,life,mobile,532,2176.9481
20/06/04,05:00:00,medicare,computer,196,1414.7652
20/06/04,05:00:00,health,tablet,40,178.1235
20/06/04,05:00:00,medicare,tablet,39,179.2898
20/06/04,06:00:00,medicare,computer,228,1899.8525
20/06/04,06:00:00,life,mobile,637,3089.3997
20/06/04,06:00:00,health,mobile,797,4108.7323
20/06/04,06:00:00,medicare,mobile,651,2776.942
20/06/04,06:00:00,health,computer,450,2645.9568
20/06/04,06:00:00,life,computer,174,1656.009
20/06/04,06:00:00,medicare,tablet,66,221.8665
20/06/04,06:00:00,life,tablet,45,165.8089
20/06/04,06:00:00,health,tablet,34,176.5116
20/06/04,07:00:00,life,mobile,770,3962.9091
20/06/04,07:00:00,health,mobile,966,4813.9608
20/06/04,07:00:00,medicare,mobile,660,2898.8693
20/06/04,07:00:00,health,computer,549,3584.2294
20/06/04,07:00:00,medicare,computer,337,2599.8824
20/06/04,07:00:00,life,computer,235,2079.6369
20/06/04,07:00:00,life,tablet,50,285.6661
20/06/04,07:00:00,medicare,tablet,92,446.3927
20/06/04,07:00:00,health,tablet,35,178.9044
20/06/04,08:00:00,health,computer,570,3681.569
20/06/04,08:00:00,life,mobile,815,3999.6407
20/06/04,08:00:00,life,computer,256,2293.5621
20/06/04,08:00:00,health,mobile,1062,5486.5306
20/06/04,08:00:00,medicare,mobile,568,2577.8633
20/06/04,08:00:00,medicare,tablet,90,452.7845
20/06/04,08:00:00,life,tablet,54,270.0378
20/06/04,08:00:00,medicare,computer,401,3033.9609
20/06/04,08:00:00,health,tablet,41,191.2235
20/06/04,09:00:00,health,mobile,1124,5487.67110000001
20/06/04,09:00:00,life,mobile,839,4260.95370000001
20/06/04,09:00:00,medicare,computer,383,2864.5759
20/06/04,09:00:00,medicare,mobile,651,2894.5643
20/06/04,09:00:00,health,computer,558,3590.3884
20/06/04,09:00:00,life,computer,293,2234.6173
20/06/04,09:00:00,medicare,tablet,55,274.3628
20/06/04,09:00:00,health,tablet,46,272.0678
20/06/04,09:00:00,life,tablet,38,157.9295
20/06/04,10:00:00,life,mobile,861,4414.5036
20/06/04,10:00:00,life,computer,353,2687.4028
20/06/04,10:00:00,health,mobile,1135,5464.71000000001
20/06/04,10:00:00,medicare,mobile,644,2928.74319999999
20/06/04,10:00:00,medicare,tablet,70,347.0466
20/06/04,10:00:00,health,computer,530,3454.7068
20/06/04,10:00:00,medicare,computer,419,3145.1363
20/06/04,10:00:00,health,tablet,46,229.8533
20/06/04,10:00:00,life,tablet,68,278.3008
20/06/04,11:00:00,life,mobile,940,4915.98980000001
20/06/04,11:00:00,life,tablet,51,227.1592
20/06/04,11:00:00,health,computer,608,3860.6776
20/06/04,11:00:00,health,mobile,1053,5101.80310000001
20/06/04,11:00:00,medicare,mobile,562,2481.477
20/06/04,11:00:00,medicare,computer,400,2735.7891
20/06/04,11:00:00,medicare,tablet,73,328.4002
20/06/04,11:00:00,life,computer,338,2710.5075
20/06/04,11:00:00,health,tablet,55,265.6302
20/06/04,12:00:00,life,computer,376,2784.756
20/06/04,12:00:00,life,mobile,957,4678.5326
20/06/04,12:00:00,health,computer,619,3897.8761
20/06/04,12:00:00,health,mobile,1123,5426.27580000002
20/06/04,12:00:00,medicare,computer,419,3313.2204
20/06/04,12:00:00,medicare,mobile,581,2569.15
20/06/04,12:00:00,health,tablet,45,233.8319
20/06/04,12:00:00,life,tablet,42,167.831
20/06/04,12:00:00,medicare,tablet,45,249.2579
20/06/04,13:00:00,health,computer,657,4147.2419
20/06/04,13:00:00,life,mobile,903,4130.80390000002
20/06/04,13:00:00,health,tablet,49,298.3795
20/06/04,13:00:00,life,computer,334,2722.3444
20/06/04,13:00:00,medicare,mobile,797,3504.6137
20/06/04,13:00:00,health,mobile,1134,5387.31640000001
20/06/04,13:00:00,medicare,computer,373,2931.2218
20/06/04,13:00:00,life,tablet,35,195.8146
20/06/04,13:00:00,medicare,tablet,96,412.6934
20/06/04,14:00:00,life,mobile,847,3678.7645
20/06/04,14:00:00,health,computer,551,3337.1003
20/06/04,14:00:00,medicare,computer,318,2385.7352
20/06/04,14:00:00,health,mobile,1066,4878.8282
20/06/04,14:00:00,medicare,mobile,836,3573.22759999999
20/06/04,14:00:00,life,tablet,35,166.2763
20/06/04,14:00:00,medicare,tablet,79,294.4704
20/06/04,14:00:00,life,computer,278,1950.5575
20/06/04,14:00:00,health,tablet,60,313.9556
20/06/04,15:00:00,health,computer,546,3021.8886
20/06/04,15:00:00,health,mobile,948,3956.8747
20/06/04,15:00:00,medicare,mobile,829,3276.9963
20/06/04,15:00:00,life,mobile,894,3567.7249
20/06/04,15:00:00,medicare,computer,251,1704.6296
20/06/04,15:00:00,medicare,tablet,87,337.1832
20/06/04,15:00:00,life,computer,253,1517.9796
20/06/04,15:00:00,life,tablet,48,191.8248
20/06/04,15:00:00,health,tablet,48,205.4504
20/06/04,16:00:00,health,computer,333,1718.9502
20/06/04,16:00:00,medicare,mobile,638,2644.2145
20/06/04,16:00:00,health,mobile,678,2644.4691
20/06/04,16:00:00,life,mobile,805,3210.7349
20/06/04,16:00:00,life,computer,189,1366.9415
20/06/04,16:00:00,life,tablet,49,211.6548
20/06/04,16:00:00,medicare,computer,192,1275.1338
20/06/04,16:00:00,medicare,tablet,71,304.6454
20/06/04,16:00:00,health,tablet,45,197.0843
20/06/04,17:00:00,medicare,tablet,28,137.206
20/06/04,17:00:00,medicare,computer,157,960.016999999999
20/06/04,17:00:00,life,mobile,712,3391.244
20/06/04,17:00:00,health,mobile,741,2689.3752
20/06/04,17:00:00,medicare,mobile,368,1557.7698
20/06/04,17:00:00,health,computer,326,1371.7164
20/06/04,17:00:00,life,tablet,34,122.4792
20/06/04,17:00:00,life,computer,162,1046.9536
20/06/04,17:00:00,health,tablet,34,132.5869
20/06/04,18:00:00,health,mobile,824,2710.1885
20/06/04,18:00:00,health,computer,386,1297.2127
20/06/04,18:00:00,medicare,computer,136,804.6473
20/06/04,18:00:00,life,mobile,585,2839.6099
20/06/04,18:00:00,medicare,mobile,264,993.099200000001
20/06/04,18:00:00,life,computer,146,1082.3608
20/06/04,18:00:00,medicare,tablet,24,103.1966
20/06/04,18:00:00,life,tablet,36,111.0324
20/06/04,18:00:00,health,tablet,46,150.3562
20/06/04,19:00:00,health,computer,300,1056.9094
20/06/04,19:00:00,health,mobile,905,2849.9962
20/06/04,19:00:00,medicare,computer,131,767.473
20/06/04,19:00:00,life,computer,126,895.169
20/06/04,19:00:00,medicare,mobile,171,631.2344
20/06/04,19:00:00,life,mobile,435,1985.0822
20/06/04,19:00:00,medicare,tablet,20,66.279
20/06/04,19:00:00,health,tablet,39,138.1813
20/06/04,19:00:00,life,tablet,42,115.6868
20/06/04,20:00:00,health,mobile,824,2390.7433
20/06/04,20:00:00,health,computer,211,654.3926
20/06/04,20:00:00,medicare,mobile,131,472.8189
20/06/04,20:00:00,life,mobile,374,1915.1861
20/06/04,20:00:00,life,tablet,20,73.7871
20/06/04,20:00:00,life,computer,98,525.1035
20/06/04,20:00:00,medicare,tablet,12,65.6533
20/06/04,20:00:00,health,tablet,41,132.4247
20/06/04,20:00:00,medicare,computer,93,580.9047
20/06/04,21:00:00,life,mobile,255,1484.7098
20/06/04,21:00:00,life,computer,82,460.0064
20/06/04,21:00:00,health,mobile,668,1855.8833
20/06/04,21:00:00,medicare,mobile,141,511.4954
20/06/04,21:00:00,life,tablet,17,39.089
20/06/04,21:00:00,health,tablet,23,63.1271
20/06/04,21:00:00,health,computer,188,589.9705
20/06/04,21:00:00,medicare,computer,58,426.14
20/06/04,21:00:00,medicare,tablet,15,71.7724
20/06/04,22:00:00,medicare,mobile,106,389.6861
20/06/04,22:00:00,medicare,computer,37,211.865
20/06/04,22:00:00,life,mobile,180,775.9998
20/06/04,22:00:00,health,mobile,488,1362.1853
20/06/04,22:00:00,health,computer,97,322.5372
20/06/04,22:00:00,life,computer,49,219.2958
20/06/04,22:00:00,medicare,tablet,4,15.3041
20/06/04,22:00:00,life,tablet,20,49.4558
20/06/04,22:00:00,health,tablet,21,59.1405
20/06/04,23:00:00,health,mobile,331,903.7152
20/06/04,23:00:00,medicare,mobile,65,203.5363
20/06/04,23:00:00,health,computer,85,246.497
20/06/04,23:00:00,life,computer,38,220.7479
20/06/04,23:00:00,life,mobile,170,745.9603
20/06/04,23:00:00,medicare,computer,33,184.5754
20/06/04,23:00:00,health,tablet,27,73.5286
20/06/04,23:00:00,life,tablet,15,54.6168
20/06/04,23:00:00,medicare,tablet,2,14.7734
20/06/05,00:00:00,medicare,mobile,64,231.0129
20/06/05,00:00:00,health,mobile,276,815.1356
20/06/05,00:00:00,life,mobile,111,472.5859
20/06/05,00:00:00,health,computer,46,127.5418
20/06/05,00:00:00,life,computer,30,196.9817
20/06/05,00:00:00,medicare,computer,22,112.4182
20/06/05,00:00:00,life,tablet,14,72.205
20/06/05,00:00:00,medicare,tablet,5,26.6723
20/06/05,00:00:00,health,tablet,11,33.753
20/06/05,01:00:00,health,computer,47,122.6306
20/06/05,01:00:00,medicare,mobile,51,190.5145
20/06/05,01:00:00,health,mobile,257,753.6103
20/06/05,01:00:00,life,computer,27,102.8529
20/06/05,01:00:00,life,mobile,118,583.2777
20/06/05,01:00:00,medicare,computer,19,85.8176
20/06/05,01:00:00,health,tablet,7,17.528
20/06/05,01:00:00,life,tablet,9,15.3818
20/06/05,01:00:00,medicare,tablet,2,8.0544
20/06/05,02:00:00,life,mobile,183,825.5409
20/06/05,02:00:00,health,mobile,301,1010.9359
20/06/05,02:00:00,life,computer,27,68.5185
20/06/05,02:00:00,medicare,mobile,70,259.6509
20/06/05,02:00:00,health,computer,34,126.4477
20/06/05,02:00:00,life,tablet,3,3.7012
20/06/05,02:00:00,health,tablet,12,47.2564
20/06/05,02:00:00,medicare,computer,15,84.8907
20/06/05,02:00:00,medicare,tablet,6,36.1779
20/06/05,03:00:00,health,mobile,294,1140.6794
20/06/05,03:00:00,life,mobile,241,1027.3977
20/06/05,03:00:00,health,computer,74,284.2304
20/06/05,03:00:00,medicare,mobile,99,417.5374
20/06/05,03:00:00,health,tablet,28,88.4778
20/06/05,03:00:00,life,computer,47,427.0705
20/06/05,03:00:00,medicare,computer,55,371.9411
20/06/05,03:00:00,life,tablet,8,33.8224
20/06/05,03:00:00,medicare,tablet,9,56.0579
20/06/05,04:00:00,life,computer,105,466.141
20/06/05,04:00:00,medicare,mobile,208,1018.1699
20/06/05,04:00:00,life,mobile,397,1699.7955
20/06/05,04:00:00,health,mobile,452,1876.9643
20/06/05,04:00:00,medicare,computer,88,671.5649
20/06/05,04:00:00,health,computer,127,533.9422
20/06/05,04:00:00,health,tablet,17,80.141
20/06/05,04:00:00,medicare,tablet,10,59.8462
20/06/05,04:00:00,life,tablet,12,48.7395
20/06/05,05:00:00,health,mobile,695,2896.022
20/06/05,05:00:00,health,computer,221,978.7863
20/06/05,05:00:00,medicare,mobile,344,1545.1723
20/06/05,05:00:00,health,tablet,24,95.9582
20/06/05,05:00:00,life,mobile,581,2482.21400000001
20/06/05,05:00:00,medicare,computer,170,1271.6337
20/06/05,05:00:00,life,computer,158,1129.4546
20/06/05,05:00:00,life,tablet,39,161.7726
20/06/05,05:00:00,medicare,tablet,37,160.3874
20/06/05,06:00:00,life,mobile,689,3197.9027
20/06/05,06:00:00,health,computer,451,2593.2489
20/06/05,06:00:00,medicare,mobile,609,2654.1875
20/06/05,06:00:00,health,mobile,742,3846.842
20/06/05,06:00:00,medicare,computer,315,2383.9651
20/06/05,06:00:00,life,computer,168,1217.5782
20/06/05,06:00:00,medicare,tablet,84,391.3365
20/06/05,06:00:00,health,tablet,31,161.7685
20/06/05,06:00:00,life,tablet,55,306.9443
20/06/05,07:00:00,life,mobile,820,3877.2255
20/06/05,07:00:00,health,mobile,871,4299.20130000001
20/06/05,07:00:00,health,computer,518,3229.8184
20/06/05,07:00:00,medicare,computer,365,2850.3931
20/06/05,07:00:00,medicare,mobile,739,3191.6239
20/06/05,07:00:00,life,computer,259,2171.0154
20/06/05,07:00:00,medicare,tablet,78,321.7727
20/06/05,07:00:00,life,tablet,51,176.6054
20/06/05,07:00:00,health,tablet,47,257.7625
20/06/05,08:00:00,health,mobile,942,4688.5745
20/06/05,08:00:00,life,computer,312,2201.33
20/06/05,08:00:00,life,mobile,920,4417.6503
20/06/05,08:00:00,medicare,mobile,635,2946.4199
20/06/05,08:00:00,health,computer,564,3606.8512
20/06/05,08:00:00,medicare,tablet,86,399.9493
20/06/05,08:00:00,medicare,computer,365,3022.2169
20/06/05,08:00:00,health,tablet,64,309.882
20/06/05,08:00:00,life,tablet,69,263.1306
20/06/05,09:00:00,life,computer,257,1913.4635
20/06/05,09:00:00,medicare,computer,352,2784.9013
20/06/05,09:00:00,health,mobile,915,4344.46030000001
20/06/05,09:00:00,medicare,mobile,675,3057.8972
20/06/05,09:00:00,health,computer,516,3298.3774
20/06/05,09:00:00,life,mobile,933,4071.52120000001
20/06/05,09:00:00,life,tablet,68,265.6513
20/06/05,09:00:00,health,tablet,41,225.275
20/06/05,09:00:00,medicare,tablet,68,347.465
20/06/05,10:00:00,health,computer,532,3250.1063
20/06/05,10:00:00,life,mobile,965,4525.91010000001
20/06/05,10:00:00,medicare,mobile,620,2842.2685
20/06/05,10:00:00,medicare,computer,398,2944.7435
20/06/05,10:00:00,health,mobile,933,4515.9869
20/06/05,10:00:00,life,computer,273,2157.0393
20/06/05,10:00:00,health,tablet,59,269.9841
20/06/05,10:00:00,medicare,tablet,68,330.0936
20/06/05,10:00:00,life,tablet,58,269.0593
20/06/05,11:00:00,health,tablet,42,203.1712
20/06/05,11:00:00,life,mobile,896,3839.18410000001
20/06/05,11:00:00,health,mobile,977,4552.05380000001
20/06/05,11:00:00,medicare,mobile,643,2915.1287
20/06/05,11:00:00,health,computer,539,3421.1456
20/06/05,11:00:00,medicare,computer,377,2592.543
20/06/05,11:00:00,life,computer,249,2194.8575
20/06/05,11:00:00,life,tablet,50,156.5798
20/06/05,11:00:00,medicare,tablet,69,286.8488
20/06/05,12:00:00,health,mobile,838,3911.4452
20/06/05,12:00:00,life,mobile,961,4130.8469
20/06/05,12:00:00,medicare,mobile,750,3118.9399
20/06/05,12:00:00,health,computer,507,3264.9765
20/06/05,12:00:00,medicare,computer,393,2940.8861
20/06/05,12:00:00,medicare,tablet,104,488.5131
20/06/05,12:00:00,life,computer,265,2148.8698
20/06/05,12:00:00,life,tablet,31,114.0548
20/06/05,12:00:00,health,tablet,51,293.0512
20/06/05,13:00:00,life,mobile,860,3912.93730000001
20/06/05,13:00:00,medicare,mobile,723,3173.41910000001
20/06/05,13:00:00,health,mobile,962,4195.5348
20/06/05,13:00:00,medicare,computer,391,2845.604
20/06/05,13:00:00,health,computer,510,3100.7406
20/06/05,13:00:00,health,tablet,40,186.5483
20/06/05,13:00:00,life,computer,241,1986.8664
20/06/05,13:00:00,medicare,tablet,90,396.2308
20/06/05,13:00:00,life,tablet,59,310.6951
20/06/05,14:00:00,health,computer,413,2381.2172
20/06/05,14:00:00,life,computer,300,2329.5262
20/06/05,14:00:00,medicare,computer,298,2167.6194
20/06/05,14:00:00,health,mobile,883,3885.5072
20/06/05,14:00:00,life,mobile,921,3966.55100000001
20/06/05,14:00:00,medicare,mobile,601,2759.3822
20/06/05,14:00:00,medicare,tablet,58,360.1403
20/06/05,14:00:00,health,tablet,66,299.6696
20/06/05,14:00:00,life,tablet,50,213.0414
20/06/05,14:00:00,life,other,1,9.072
20/06/05,15:00:00,life,mobile,869,3636.16260000001
20/06/05,15:00:00,health,mobile,763,3086.3019
20/06/05,15:00:00,medicare,computer,232,1630.8769
20/06/05,15:00:00,medicare,mobile,471,2000.9795
20/06/05,15:00:00,life,tablet,58,290.1517
20/06/05,15:00:00,life,computer,212,1548.9478
20/06/05,15:00:00,health,computer,366,1727.2525
20/06/05,15:00:00,medicare,tablet,51,260.6608
20/06/05,15:00:00,health,tablet,44,186.6234
20/06/05,16:00:00,medicare,mobile,449,1909.3578
20/06/05,16:00:00,health,mobile,680,2474.14
20/06/05,16:00:00,life,tablet,40,146.5734
20/06/05,16:00:00,medicare,tablet,35,173.9512
20/06/05,16:00:00,medicare,computer,175,1116.0895
20/06/05,16:00:00,life,mobile,800,3433.1038
20/06/05,16:00:00,health,tablet,48,177.6062
20/06/05,16:00:00,health,computer,264,1150.9625
20/06/05,16:00:00,life,computer,217,1579.9245
20/06/05,17:00:00,life,mobile,696,2964.6766
20/06/05,17:00:00,medicare,mobile,262,1104.4989
20/06/05,17:00:00,health,mobile,655,2335.2246
20/06/05,17:00:00,medicare,computer,142,833.8564
20/06/05,17:00:00,health,computer,268,1051.4518
20/06/05,17:00:00,life,tablet,33,118.5537
20/06/05,17:00:00,life,computer,200,1436.3386
20/06/05,17:00:00,life,other,1,8.3273
20/06/05,17:00:00,medicare,tablet,29,134.7079
20/06/05,17:00:00,health,tablet,30,106.704
20/06/05,18:00:00,life,mobile,548,2747.197
20/06/05,18:00:00,health,computer,243,874.072699999999
20/06/05,18:00:00,medicare,computer,98,493.4776
20/06/05,18:00:00,health,mobile,701,2117.1012
20/06/05,18:00:00,medicare,mobile,180,573.0669
20/06/05,18:00:00,life,computer,107,889.487
20/06/05,18:00:00,life,tablet,37,131.062
20/06/05,18:00:00,medicare,tablet,17,60.2225
20/06/05,18:00:00,health,tablet,45,128.0839
20/06/05,19:00:00,life,mobile,326,1599.5764
20/06/05,19:00:00,health,mobile,694,2012.5979
20/06/05,19:00:00,medicare,mobile,137,423.1858
20/06/05,19:00:00,life,tablet,36,111.0744
20/06/05,19:00:00,health,computer,238,757.1166
20/06/05,19:00:00,medicare,computer,79,426.3385
20/06/05,19:00:00,medicare,tablet,16,65.6548
20/06/05,19:00:00,health,tablet,39,111.7281
20/06/05,19:00:00,life,computer,106,799.01
20/06/05,20:00:00,health,mobile,652,1892.0652
20/06/05,20:00:00,medicare,mobile,138,443.1815
20/06/05,20:00:00,life,mobile,328,1594.6231
20/06/05,20:00:00,health,computer,161,514.5862
20/06/05,20:00:00,medicare,computer,91,567.8335
20/06/05,20:00:00,life,computer,107,787.5725
20/06/05,20:00:00,life,tablet,18,45.5585
20/06/05,20:00:00,medicare,tablet,10,38.1343
20/06/05,20:00:00,health,tablet,19,60.8505
20/06/05,21:00:00,health,mobile,556,1496.588
20/06/05,21:00:00,health,computer,152,423.6121
20/06/05,21:00:00,life,mobile,278,1196.9315
20/06/05,21:00:00,medicare,mobile,83,238.4148
20/06/05,21:00:00,medicare,computer,41,196.5182
20/06/05,21:00:00,life,computer,67,289.3598
20/06/05,21:00:00,health,tablet,18,45.8524
20/06/05,21:00:00,medicare,tablet,14,47.874
20/06/05,21:00:00,life,tablet,23,56.4729
20/06/05,22:00:00,life,computer,85,549.0877
20/06/05,22:00:00,medicare,mobile,60,167.7508
20/06/05,22:00:00,health,mobile,361,1023.3965
20/06/05,22:00:00,medicare,computer,28,165.0063
20/06/05,22:00:00,life,mobile,252,1110.2945
20/06/05,22:00:00,health,computer,110,329.5639
20/06/05,22:00:00,health,tablet,22,53.1582
20/06/05,22:00:00,life,tablet,14,60.4267
20/06/05,22:00:00,medicare,tablet,3,2.9428
20/06/05,23:00:00,life,computer,38,255.5438
20/06/05,23:00:00,health,mobile,311,793.524
20/06/05,23:00:00,life,mobile,177,772.8369
20/06/05,23:00:00,health,computer,81,225.2005
20/06/05,23:00:00,life,tablet,12,37.6479
20/06/05,23:00:00,medicare,mobile,42,130.1241
20/06/05,23:00:00,health,tablet,13,41.7144
20/06/05,23:00:00,medicare,computer,19,93.6912
20/06/05,23:00:00,medicare,tablet,1,4.1842
20/06/06,00:00:00,health,mobile,206,580.5861
20/06/06,00:00:00,health,tablet,6,11.9061
20/06/06,00:00:00,life,mobile,140,683.8291
20/06/06,00:00:00,medicare,mobile,43,126.2823
20/06/06,00:00:00,life,tablet,3,3.4349
20/06/06,00:00:00,health,computer,49,116.932
20/06/06,00:00:00,life,computer,30,227.6206
20/06/06,00:00:00,medicare,computer,10,53.9256
20/06/06,00:00:00,medicare,tablet,3,28.1303
20/06/06,01:00:00,health,mobile,251,694.7692
20/06/06,01:00:00,health,computer,39,104.3044
20/06/06,01:00:00,life,computer,42,407.7031
20/06/06,01:00:00,medicare,mobile,39,107.7139
20/06/06,01:00:00,life,mobile,117,513.8789
20/06/06,01:00:00,medicare,tablet,6,22.6353
20/06/06,01:00:00,medicare,computer,23,143.3991
20/06/06,01:00:00,life,tablet,2,6.6491
20/06/06,01:00:00,health,tablet,4,13.5285
20/06/06,02:00:00,life,mobile,152,613.7833
20/06/06,02:00:00,health,mobile,179,518.1329
20/06/06,02:00:00,life,computer,23,136.6972
20/06/06,02:00:00,health,computer,35,100.6039
20/06/06,02:00:00,medicare,mobile,32,100.8174
20/06/06,02:00:00,life,tablet,9,34.8309
20/06/06,02:00:00,medicare,tablet,4,11.5101
20/06/06,02:00:00,health,tablet,10,33.8947
20/06/06,02:00:00,medicare,computer,14,86.0574
20/06/06,03:00:00,health,mobile,227,730.4447
20/06/06,03:00:00,life,mobile,180,663.6412
20/06/06,03:00:00,medicare,mobile,51,181.888
20/06/06,03:00:00,life,computer,40,186.5568
20/06/06,03:00:00,medicare,tablet,3,12.5757
20/06/06,03:00:00,health,computer,49,156.3012
20/06/06,03:00:00,medicare,computer,26,175.7284
20/06/06,03:00:00,life,tablet,21,45.9656
20/06/06,03:00:00,health,tablet,2,9.738
20/06/06,04:00:00,health,mobile,315,1139.689
20/06/06,04:00:00,medicare,mobile,76,263.8949
20/06/06,04:00:00,life,computer,86,518.8025
20/06/06,04:00:00,life,mobile,297,1295.5903
20/06/06,04:00:00,medicare,computer,33,237.5103
20/06/06,04:00:00,health,computer,70,255.0162
20/06/06,04:00:00,medicare,tablet,10,64.7169
20/06/06,04:00:00,life,tablet,14,49.2383
20/06/06,04:00:00,health,tablet,11,52.5302
20/06/06,05:00:00,health,mobile,402,1573.8664
20/06/06,05:00:00,life,mobile,380,1651.349
20/06/06,05:00:00,medicare,mobile,236,883.5647
20/06/06,05:00:00,life,computer,80,497.0221
20/06/06,05:00:00,health,tablet,25,90.5255
20/06/06,05:00:00,medicare,computer,56,314.8318
20/06/06,05:00:00,health,computer,106,487.9525
20/06/06,05:00:00,life,tablet,21,78.5312
20/06/06,05:00:00,medicare,tablet,13,54.2817
20/06/06,06:00:00,health,mobile,563,2215.3881
20/06/06,06:00:00,life,mobile,519,2573.6601
20/06/06,06:00:00,medicare,mobile,294,1114.6256
20/06/06,06:00:00,life,computer,118,905.6377
20/06/06,06:00:00,health,computer,158,666.2081
20/06/06,06:00:00,medicare,computer,105,592.3552
20/06/06,06:00:00,health,tablet,23,113.1832
20/06/06,06:00:00,life,tablet,32,138.5206
20/06/06,06:00:00,medicare,tablet,15,62.2051
20/06/06,07:00:00,life,mobile,619,3348.6343
20/06/06,07:00:00,health,mobile,485,1963.7351
20/06/06,07:00:00,life,computer,186,1214.6037
20/06/06,07:00:00,medicare,mobile,325,1269.5125
20/06/06,07:00:00,health,computer,203,1002.8163
20/06/06,07:00:00,medicare,computer,130,790.3394
20/06/06,07:00:00,medicare,tablet,22,82.7012
20/06/06,07:00:00,health,tablet,28,139.5123
20/06/06,07:00:00,life,tablet,39,199.0679
20/06/06,08:00:00,life,mobile,701,3779.7713
20/06/06,08:00:00,medicare,computer,176,1121.458
20/06/06,08:00:00,health,mobile,400,1713.5475
20/06/06,08:00:00,health,computer,208,1073.1331
20/06/06,08:00:00,life,computer,189,1269.636
20/06/06,08:00:00,medicare,mobile,298,1196.5889
20/06/06,08:00:00,medicare,tablet,23,96.6629
20/06/06,08:00:00,health,tablet,33,139.9954
20/06/06,08:00:00,life,tablet,35,170.9963
20/06/06,09:00:00,life,computer,197,1520.552
20/06/06,09:00:00,life,mobile,585,2587.6975
20/06/06,09:00:00,health,mobile,409,1683.0545
20/06/06,09:00:00,medicare,mobile,329,1288.7737
20/06/06,09:00:00,medicare,computer,183,1137.8172
20/06/06,09:00:00,health,computer,233,1213.8859
20/06/06,09:00:00,life,tablet,32,125.5556
20/06/06,09:00:00,medicare,tablet,36,189.254
20/06/06,09:00:00,health,tablet,28,113.7099
20/06/06,10:00:00,medicare,mobile,350,1355.9732
20/06/06,10:00:00,medicare,computer,156,975.62
20/06/06,10:00:00,health,mobile,474,1871.4115
20/06/06,10:00:00,life,mobile,599,2506.692
20/06/06,10:00:00,life,computer,176,1467.7261
20/06/06,10:00:00,health,computer,214,1151.6122
20/06/06,10:00:00,health,tablet,48,194.8487
20/06/06,10:00:00,medicare,tablet,29,128.4306
20/06/06,10:00:00,life,tablet,27,141.4237
20/06/06,11:00:00,life,mobile,715,2867.3555
20/06/06,11:00:00,health,mobile,455,1791.1478
20/06/06,11:00:00,medicare,mobile,391,1502.4935
20/06/06,11:00:00,health,computer,213,1166.9639
20/06/06,11:00:00,life,computer,168,1184.6932
20/06/06,11:00:00,medicare,computer,177,991.3105
20/06/06,11:00:00,medicare,tablet,26,92.435
20/06/06,11:00:00,life,tablet,41,126.6434
20/06/06,11:00:00,health,tablet,14,68.7253
20/06/06,12:00:00,life,mobile,632,2493.2923
20/06/06,12:00:00,life,computer,176,1251.0552
20/06/06,12:00:00,medicare,mobile,435,1642.681
20/06/06,12:00:00,health,mobile,490,1911.9648
20/06/06,12:00:00,health,computer,218,949.4836
20/06/06,12:00:00,medicare,tablet,22,96.4635
20/06/06,12:00:00,medicare,computer,195,1137.4078
20/06/06,12:00:00,life,tablet,28,80.5866
20/06/06,12:00:00,health,tablet,25,97.6063
20/06/06,12:00:00,life,other,1,7.938
20/06/06,13:00:00,life,mobile,669,2476.8183
20/06/06,13:00:00,medicare,mobile,532,1973.7458
20/06/06,13:00:00,health,computer,264,1024.5368
20/06/06,13:00:00,health,mobile,537,1990.0221
20/06/06,13:00:00,life,computer,158,1124.2668
20/06/06,13:00:00,life,tablet,22,61.0958
20/06/06,13:00:00,medicare,computer,180,1028.1855
20/06/06,13:00:00,health,tablet,26,105.7722
20/06/06,13:00:00,medicare,tablet,30,128.2425
20/06/06,14:00:00,health,mobile,544,1807.5654
20/06/06,14:00:00,medicare,mobile,485,1657.805
20/06/06,14:00:00,life,mobile,700,2710.285
20/06/06,14:00:00,medicare,computer,116,623.3606
20/06/06,14:00:00,life,computer,130,991.0069
20/06/06,14:00:00,health,computer,183,657.8329
20/06/06,14:00:00,life,tablet,40,148.5385
20/06/06,14:00:00,medicare,tablet,22,120.0477
20/06/06,14:00:00,health,tablet,31,108.6032
20/06/06,15:00:00,health,computer,253,862.948300000001
20/06/06,15:00:00,health,mobile,580,1951.6063
20/06/06,15:00:00,life,mobile,543,2284.7305
20/06/06,15:00:00,medicare,mobile,581,1962.5991
20/06/06,15:00:00,health,tablet,22,66.7794
20/06/06,15:00:00,life,tablet,29,102.2486
20/06/06,15:00:00,medicare,computer,105,592.0521
20/06/06,15:00:00,life,computer,151,1175.8343
20/06/06,15:00:00,medicare,tablet,18,60.2238
20/06/06,16:00:00,life,mobile,366,1727.83
20/06/06,16:00:00,health,mobile,506,1649.9745
20/06/06,16:00:00,life,tablet,29,126.3527
20/06/06,16:00:00,medicare,computer,79,272.8989
20/06/06,16:00:00,health,computer,204,655.9669
20/06/06,16:00:00,medicare,mobile,234,712.5639
20/06/06,16:00:00,life,computer,107,973.4281
20/06/06,16:00:00,health,tablet,38,147.91
20/06/06,16:00:00,medicare,tablet,16,56.2111
20/06/06,17:00:00,life,mobile,366,2164.0851
20/06/06,17:00:00,medicare,mobile,117,326.3881
20/06/06,17:00:00,health,mobile,518,1776.5375
20/06/06,17:00:00,health,tablet,27,83.3606
20/06/06,17:00:00,health,computer,176,571.4041
20/06/06,17:00:00,life,computer,98,827.8732
20/06/06,17:00:00,medicare,computer,56,273.7225
20/06/06,17:00:00,life,tablet,26,138.946
20/06/06,17:00:00,medicare,tablet,13,55.1004
20/06/06,18:00:00,health,mobile,546,1560.1804
20/06/06,18:00:00,life,computer,114,1017.6389
20/06/06,18:00:00,medicare,computer,61,323.1203
20/06/06,18:00:00,medicare,mobile,132,377.9314
20/06/06,18:00:00,life,mobile,298,1743.5191
20/06/06,18:00:00,health,computer,158,510.2349
20/06/06,18:00:00,health,tablet,38,104.682
20/06/06,18:00:00,medicare,tablet,11,35.0642
20/06/06,18:00:00,life,tablet,31,150.4132
20/06/06,19:00:00,medicare,mobile,106,340.5412
20/06/06,19:00:00,life,computer,82,560.9334
20/06/06,19:00:00,health,computer,185,500.5879
20/06/06,19:00:00,life,mobile,294,1556.529
20/06/06,19:00:00,health,mobile,489,1324.5509
20/06/06,19:00:00,health,tablet,30,83.8046
20/06/06,19:00:00,medicare,computer,39,235.2071
20/06/06,19:00:00,medicare,tablet,8,38.2369
20/06/06,19:00:00,life,tablet,13,52.6098
20/06/06,20:00:00,health,mobile,455,1246.1221
20/06/06,20:00:00,life,mobile,315,1619.7512
20/06/06,20:00:00,health,computer,143,394.9897
20/06/06,20:00:00,medicare,mobile,99,287.2825
20/06/06,20:00:00,medicare,computer,56,296.4298
20/06/06,20:00:00,life,computer,85,708.7322
20/06/06,20:00:00,health,tablet,22,75.9892
20/06/06,20:00:00,medicare,tablet,5,24.8529
20/06/06,20:00:00,life,tablet,15,63.7431
20/06/06,21:00:00,health,mobile,479,1158.1208
20/06/06,21:00:00,life,mobile,205,964.6293
20/06/06,21:00:00,medicare,mobile,82,243.4583
20/06/06,21:00:00,health,tablet,27,64.6418
20/06/06,21:00:00,medicare,computer,49,237.7504
20/06/06,21:00:00,health,computer,83,197.127
20/06/06,21:00:00,medicare,tablet,6,22.9354
20/06/06,21:00:00,life,computer,58,409.1869
20/06/06,21:00:00,life,tablet,18,59.1409
20/06/06,22:00:00,health,mobile,313,779.444400000001
20/06/06,22:00:00,life,mobile,172,699.9431
20/06/06,22:00:00,medicare,mobile,60,184.5722
20/06/06,22:00:00,life,computer,57,370.6855
20/06/06,22:00:00,health,computer,73,187.4522
20/06/06,22:00:00,health,tablet,14,28.5675
20/06/06,22:00:00,medicare,computer,23,123.6695
20/06/06,22:00:00,life,tablet,6,21.4331
20/06/06,22:00:00,medicare,tablet,9,56.619
20/06/06,23:00:00,life,mobile,163,681.2715
20/06/06,23:00:00,medicare,mobile,44,118.619
20/06/06,23:00:00,health,computer,61,150.5559
20/06/06,23:00:00,health,mobile,297,687.6479
20/06/06,23:00:00,medicare,computer,19,92.4819
20/06/06,23:00:00,health,tablet,10,15.2903
20/06/06,23:00:00,life,computer,44,282.2517
20/06/06,23:00:00,medicare,tablet,1,1.8305
20/06/06,23:00:00,life,tablet,2,3.2816
20/06/07,00:00:00,life,mobile,148,838.8173
20/06/07,00:00:00,health,computer,39,98.7918
20/06/07,00:00:00,health,mobile,246,669.930800000001
20/06/07,00:00:00,life,tablet,6,16.2617
20/06/07,00:00:00,life,computer,14,83.2706
20/06/07,00:00:00,medicare,mobile,32,83.878
20/06/07,00:00:00,medicare,computer,11,54.3437
20/06/07,00:00:00,health,tablet,12,15.484
20/06/07,00:00:00,medicare,tablet,2,3.4936
20/06/07,01:00:00,health,mobile,212,528.8686
20/06/07,01:00:00,medicare,mobile,49,135.4653
20/06/07,01:00:00,life,tablet,9,25.6946
20/06/07,01:00:00,health,computer,53,136.0352
20/06/07,01:00:00,life,mobile,111,451.4933
20/06/07,01:00:00,medicare,computer,18,97.7118
20/06/07,01:00:00,life,computer,22,206.7479
20/06/07,01:00:00,medicare,tablet,5,10.1308
20/06/07,01:00:00,health,tablet,9,12.6045
20/06/07,02:00:00,health,mobile,207,560.9164
20/06/07,02:00:00,health,tablet,17,33.5128
20/06/07,02:00:00,life,mobile,136,561.3585
20/06/07,02:00:00,health,computer,39,75.8824
20/06/07,02:00:00,life,computer,32,168.7698
20/06/07,02:00:00,medicare,computer,15,97.3868
20/06/07,02:00:00,medicare,mobile,28,73.5864
20/06/07,02:00:00,life,tablet,14,57.3664
20/06/07,02:00:00,medicare,tablet,1,0.8559
20/06/07,03:00:00,health,mobile,223,684.0214
20/06/07,03:00:00,medicare,computer,30,179.9303
20/06/07,03:00:00,life,mobile,165,684.7709
20/06/07,03:00:00,medicare,mobile,36,101.87
20/06/07,03:00:00,health,tablet,17,28.6966
20/06/07,03:00:00,health,computer,37,98.7662
20/06/07,03:00:00,life,tablet,5,11.7154
20/06/07,03:00:00,life,computer,32,200.7103
20/06/07,03:00:00,medicare,tablet,3,17.8694
20/06/07,04:00:00,life,mobile,277,923.5206
20/06/07,04:00:00,health,mobile,263,890.8498
20/06/07,04:00:00,health,computer,74,285.2375
20/06/07,04:00:00,medicare,tablet,10,68.5036
20/06/07,04:00:00,life,computer,57,330.1325
20/06/07,04:00:00,life,tablet,22,59.5724
20/06/07,04:00:00,medicare,mobile,78,211.2093
20/06/07,04:00:00,health,tablet,21,76.818
20/06/07,04:00:00,medicare,computer,28,172.2446
20/06/07,05:00:00,life,computer,98,552.1475
20/06/07,05:00:00,life,mobile,417,1582.6897
20/06/07,05:00:00,health,mobile,358,1380.0117
20/06/07,05:00:00,health,tablet,34,127.3988
20/06/07,05:00:00,medicare,mobile,207,631.7291
20/06/07,05:00:00,life,tablet,21,91.7025
20/06/07,05:00:00,health,computer,124,507.733
20/06/07,05:00:00,medicare,computer,77,339.256
20/06/07,05:00:00,medicare,tablet,8,29.1176
20/06/07,06:00:00,medicare,tablet,14,54.3841
20/06/07,06:00:00,medicare,computer,122,575.7628
20/06/07,06:00:00,life,mobile,524,2255.5642
20/06/07,06:00:00,health,mobile,478,1909.9255
20/06/07,06:00:00,health,computer,180,723.0915
20/06/07,06:00:00,medicare,mobile,259,834.3311
20/06/07,06:00:00,life,computer,111,640.4177
20/06/07,06:00:00,health,tablet,48,182.3719
20/06/07,06:00:00,life,tablet,29,104.5588
20/06/07,07:00:00,life,mobile,563,2463.4226
20/06/07,07:00:00,life,computer,140,722.0501
20/06/07,07:00:00,health,mobile,514,1980.4544
20/06/07,07:00:00,medicare,computer,130,670.0541
20/06/07,07:00:00,medicare,mobile,289,1019.3053
20/06/07,07:00:00,health,computer,187,771.5538
20/06/07,07:00:00,health,tablet,36,122.0822
20/06/07,07:00:00,medicare,tablet,38,207.9436
20/06/07,07:00:00,life,tablet,33,86.2522
20/06/07,08:00:00,health,mobile,556,2125.5466
20/06/07,08:00:00,health,computer,200,770.5269
20/06/07,08:00:00,medicare,mobile,374,1244.3496
20/06/07,08:00:00,life,mobile,604,2453.1264
20/06/07,08:00:00,life,tablet,41,157.6189
20/06/07,08:00:00,life,computer,137,987.4291
20/06/07,08:00:00,health,tablet,27,106.6828
20/06/07,08:00:00,medicare,computer,148,786.209800000001
20/06/07,08:00:00,medicare,tablet,19,97.0693
20/06/07,09:00:00,health,mobile,580,2154.0335
20/06/07,09:00:00,medicare,computer,173,869.4861
20/06/07,09:00:00,health,computer,229,864.296
20/06/07,09:00:00,life,mobile,686,2835.9511
20/06/07,09:00:00,medicare,mobile,378,1252.6322
20/06/07,09:00:00,life,tablet,37,126.1624
20/06/07,09:00:00,life,computer,171,1062.343
20/06/07,09:00:00,medicare,tablet,29,144.3926
20/06/07,09:00:00,health,tablet,28,107.5898
20/06/07,10:00:00,life,mobile,720,2739.8421
20/06/07,10:00:00,health,mobile,575,2062.6611
20/06/07,10:00:00,medicare,mobile,370,1236.843
20/06/07,10:00:00,medicare,computer,183,953.9181
20/06/07,10:00:00,health,computer,241,999.221099999999
20/06/07,10:00:00,life,tablet,48,165.8181
20/06/07,10:00:00,life,computer,146,1230.2281
20/06/07,10:00:00,medicare,tablet,28,98.5675
20/06/07,10:00:00,health,tablet,29,107.0393
20/06/07,11:00:00,health,mobile,602,2234.4765
20/06/07,11:00:00,life,mobile,768,2802.7147
20/06/07,11:00:00,medicare,computer,173,1025.3394
20/06/07,11:00:00,life,computer,179,992.7461
20/06/07,11:00:00,medicare,mobile,439,1479.1931
20/06/07,11:00:00,health,computer,285,1081.2868
20/06/07,11:00:00,life,tablet,47,153.6178
20/06/07,11:00:00,health,tablet,38,121.7705
20/06/07,11:00:00,medicare,tablet,19,56.4598
20/06/07,12:00:00,health,computer,264,1054.238
20/06/07,12:00:00,medicare,mobile,406,1314.9414
20/06/07,12:00:00,health,mobile,570,1973.0251
20/06/07,12:00:00,medicare,computer,143,871.2643
20/06/07,12:00:00,life,mobile,708,2587.6707
20/06/07,12:00:00,life,computer,177,1347.874
20/06/07,12:00:00,life,tablet,40,110.4138
20/06/07,12:00:00,health,tablet,58,221.2805
20/06/07,12:00:00,medicare,tablet,23,115.175
20/06/07,13:00:00,life,mobile,717,2790.8198
20/06/07,13:00:00,medicare,mobile,406,1259.5949
20/06/07,13:00:00,health,computer,249,916.3139
20/06/07,13:00:00,health,mobile,626,2118.5976
20/06/07,13:00:00,medicare,computer,154,764.6293
20/06/07,13:00:00,life,computer,141,1037.4336
20/06/07,13:00:00,health,tablet,26,100.0765
20/06/07,13:00:00,life,tablet,45,165.1059
20/06/07,13:00:00,medicare,tablet,28,103.3137
20/06/07,14:00:00,health,mobile,551,1747.0219
20/06/07,14:00:00,health,computer,240,875.0978
20/06/07,14:00:00,life,tablet,45,161.9087
20/06/07,14:00:00,life,mobile,820,2941.4124
20/06/07,14:00:00,medicare,mobile,324,979.239100000001
20/06/07,14:00:00,life,computer,173,1134.4652
20/06/07,14:00:00,medicare,tablet,24,134.1849
20/06/07,14:00:00,medicare,computer,123,694.7908
20/06/07,14:00:00,life,other,3,10.1658
20/06/07,14:00:00,health,tablet,27,80.3829
20/06/07,15:00:00,medicare,mobile,308,843.107
20/06/07,15:00:00,life,mobile,728,2686.96779999999
20/06/07,15:00:00,health,mobile,582,1859.7997
20/06/07,15:00:00,health,computer,266,865.5415
20/06/07,15:00:00,medicare,computer,108,543.7602
20/06/07,15:00:00,life,computer,153,1005.2333
20/06/07,15:00:00,life,tablet,58,190.4349
20/06/07,15:00:00,health,tablet,32,90.857
20/06/07,15:00:00,medicare,tablet,19,41.7998
20/06/07,16:00:00,medicare,mobile,267,674.4812
20/06/07,16:00:00,health,mobile,568,1631.718
20/06/07,16:00:00,life,mobile,577,2560.194
20/06/07,16:00:00,health,computer,208,627.6541
20/06/07,16:00:00,life,computer,88,732.6044
20/06/07,16:00:00,life,tablet,41,175.8651
20/06/07,16:00:00,medicare,computer,86,483.0924
20/06/07,16:00:00,health,tablet,47,166.0276
20/06/07,16:00:00,medicare,tablet,14,45.744
20/06/07,17:00:00,life,mobile,431,1898.1292
20/06/07,17:00:00,health,mobile,421,1136.041
20/06/07,17:00:00,life,tablet,42,205.7517
20/06/07,17:00:00,health,computer,242,728.5504
20/06/07,17:00:00,life,computer,135,1012.3204
20/06/07,17:00:00,medicare,mobile,170,480.2162
20/06/07,17:00:00,medicare,tablet,21,78.2529
20/06/07,17:00:00,health,tablet,58,164.5682
20/06/07,17:00:00,medicare,computer,75,481.556
20/06/07,18:00:00,life,mobile,369,1910.0596
20/06/07,18:00:00,medicare,mobile,153,418.4653
20/06/07,18:00:00,health,mobile,584,1510.2057
20/06/07,18:00:00,life,tablet,21,99.0467
20/06/07,18:00:00,health,tablet,34,94.3233
20/06/07,18:00:00,life,computer,105,964.754399999999
20/06/07,18:00:00,health,computer,244,676.0674
20/06/07,18:00:00,medicare,computer,51,313.5695
20/06/07,18:00:00,medicare,tablet,12,40.3698
20/06/07,19:00:00,health,mobile,705,1820.9326
20/06/07,19:00:00,health,computer,225,546.6373
20/06/07,19:00:00,life,mobile,347,1690.6862
20/06/07,19:00:00,medicare,computer,68,344.8555
20/06/07,19:00:00,life,computer,63,602.2845
20/06/07,19:00:00,medicare,mobile,110,316.0991
20/06/07,19:00:00,life,tablet,36,135.7016
20/06/07,19:00:00,medicare,tablet,16,108.9147
20/06/07,19:00:00,health,tablet,31,81.0198
20/06/07,20:00:00,medicare,computer,53,293.7233
20/06/07,20:00:00,health,mobile,769,1958.3212
20/06/07,20:00:00,medicare,mobile,83,214.8381
20/06/07,20:00:00,life,mobile,290,1283.9041
20/06/07,20:00:00,health,computer,160,433.9912
20/06/07,20:00:00,life,tablet,23,65.0304
20/06/07,20:00:00,life,computer,57,483.8687
20/06/07,20:00:00,health,tablet,23,55.5998
20/06/07,20:00:00,medicare,tablet,13,43.67
20/06/07,21:00:00,medicare,mobile,94,259.9658
20/06/07,21:00:00,life,computer,54,397.6992
20/06/07,21:00:00,health,mobile,522,1519.9062
20/06/07,21:00:00,life,mobile,238,1258.1341
20/06/07,21:00:00,health,computer,122,351.7293
20/06/07,21:00:00,medicare,computer,46,352.8327
20/06/07,21:00:00,life,tablet,16,79.0227
20/06/07,21:00:00,health,tablet,20,47.4348
20/06/07,21:00:00,medicare,tablet,3,5.514
20/06/07,22:00:00,life,computer,56,481.1405
20/06/07,22:00:00,life,mobile,188,843.4857
20/06/07,22:00:00,health,mobile,444,1202.8789
20/06/07,22:00:00,health,computer,87,252.1921
20/06/07,22:00:00,health,tablet,23,59.1501
20/06/07,22:00:00,medicare,tablet,6,39.0046
20/06/07,22:00:00,medicare,mobile,66,193.051
20/06/07,22:00:00,medicare,computer,36,178.8127
20/06/07,22:00:00,life,tablet,11,34.7601
20/06/07,23:00:00,life,mobile,166,787.8249
20/06/07,23:00:00,health,mobile,357,927.0272
20/06/07,23:00:00,life,tablet,14,45.6144
20/06/07,23:00:00,medicare,mobile,58,150.9215
20/06/07,23:00:00,health,computer,59,161.327
20/06/07,23:00:00,life,computer,17,97.2895
20/06/07,23:00:00,medicare,computer,19,111.9237
20/06/07,23:00:00,health,tablet,18,52.7366
20/06/07,23:00:00,medicare,tablet,8,19.3683
20/06/08,00:00:00,life,mobile,131,520.7617
20/06/08,00:00:00,health,mobile,227,676.4514
20/06/08,00:00:00,life,tablet,9,35.737
20/06/08,00:00:00,medicare,mobile,53,207.4079
20/06/08,00:00:00,health,computer,41,124.3578
20/06/08,00:00:00,medicare,computer,17,134.9146
20/06/08,00:00:00,life,computer,28,159.7263
20/06/08,00:00:00,medicare,tablet,12,80.9925
20/06/08,00:00:00,health,tablet,8,22.847
20/06/08,01:00:00,health,tablet,7,20.1476
20/06/08,01:00:00,life,mobile,129,556.4656
20/06/08,01:00:00,medicare,mobile,48,172.9296
20/06/08,01:00:00,health,mobile,194,619.2047
20/06/08,01:00:00,health,computer,39,127.5526
20/06/08,01:00:00,life,computer,34,236.0194
20/06/08,01:00:00,medicare,computer,12,53.4061
20/06/08,01:00:00,medicare,tablet,6,46.5378
20/06/08,01:00:00,life,tablet,6,25.1366
20/06/08,02:00:00,health,mobile,257,923.671299999999
20/06/08,02:00:00,medicare,mobile,49,150.8551
20/06/08,02:00:00,health,computer,44,134.3226
20/06/08,02:00:00,life,mobile,155,575.3204
20/06/08,02:00:00,medicare,tablet,8,60.6583
20/06/08,02:00:00,life,computer,32,139.0243
20/06/08,02:00:00,medicare,computer,16,117.4905
20/06/08,02:00:00,health,tablet,9,38.1459
20/06/08,02:00:00,life,tablet,6,29.6011
20/06/08,03:00:00,health,mobile,317,1229.9597
20/06/08,03:00:00,life,mobile,175,639.8386
20/06/08,03:00:00,health,computer,102,358.4647
20/06/08,03:00:00,life,computer,48,413.4967
20/06/08,03:00:00,medicare,computer,47,371.91
20/06/08,03:00:00,medicare,mobile,98,409.7371
20/06/08,03:00:00,life,tablet,13,55.0753
20/06/08,03:00:00,medicare,tablet,8,56.2557
20/06/08,03:00:00,health,tablet,4,17.0513
20/06/08,04:00:00,health,mobile,388,1539.4122
20/06/08,04:00:00,life,mobile,283,1052.8359
20/06/08,04:00:00,medicare,mobile,171,806.731800000001
20/06/08,04:00:00,life,computer,111,798.7958
20/06/08,04:00:00,health,computer,137,519.8292
20/06/08,04:00:00,medicare,computer,75,543.0616
20/06/08,04:00:00,life,tablet,18,74.2226
20/06/08,04:00:00,health,tablet,13,65.6022
20/06/08,04:00:00,medicare,tablet,17,72.8865
20/06/08,05:00:00,medicare,mobile,336,1580.8953
20/06/08,05:00:00,health,mobile,710,2733.8411
20/06/08,05:00:00,medicare,computer,140,1079.55
20/06/08,05:00:00,life,mobile,485,2089.1618
20/06/08,05:00:00,health,computer,265,1056.1722
20/06/08,05:00:00,life,computer,121,792.4037
20/06/08,05:00:00,health,tablet,28,93.3983
20/06/08,05:00:00,life,tablet,43,128.7051
20/06/08,05:00:00,medicare,tablet,30,160.9671
20/06/08,06:00:00,life,computer,165,1228.8988
20/06/08,06:00:00,medicare,tablet,83,341.0759
20/06/08,06:00:00,health,mobile,798,4067.5488
20/06/08,06:00:00,medicare,mobile,710,3327.5126
20/06/08,06:00:00,health,computer,483,2799.5691
20/06/08,06:00:00,life,mobile,733,3152.4459
20/06/08,06:00:00,health,tablet,29,159.0944
20/06/08,06:00:00,medicare,computer,294,2631.7647
20/06/08,06:00:00,life,tablet,52,257.0686
20/06/08,06:00:00,life,other,2,10.9083
20/06/08,07:00:00,health,mobile,922,4795.40990000001
20/06/08,07:00:00,medicare,mobile,922,4221.0733
20/06/08,07:00:00,health,tablet,57,305.6774
20/06/08,07:00:00,life,mobile,785,3723.3075
20/06/08,07:00:00,medicare,computer,375,2935.2715
20/06/08,07:00:00,life,computer,225,1718.2217
20/06/08,07:00:00,life,tablet,39,152.4302
20/06/08,07:00:00,health,computer,611,3891.7619
20/06/08,07:00:00,medicare,tablet,87,405.4123
20/06/08,08:00:00,medicare,mobile,883,4287.8116
20/06/08,08:00:00,life,mobile,885,4187.63690000001
20/06/08,08:00:00,health,computer,664,4303.3862
20/06/08,08:00:00,medicare,computer,413,3802.0777
20/06/08,08:00:00,health,mobile,1004,5130.2357
20/06/08,08:00:00,life,computer,302,2450.8188
20/06/08,08:00:00,life,tablet,48,229.6198
20/06/08,08:00:00,health,tablet,58,311.5048
20/06/08,08:00:00,medicare,tablet,60,349.7842
20/06/08,08:00:00,life,other,1,2.38
20/06/08,09:00:00,health,mobile,1098,5457.5757
20/06/08,09:00:00,life,computer,297,2597.1235
20/06/08,09:00:00,life,mobile,1005,4518.6034
20/06/08,09:00:00,medicare,mobile,934,4324.4561
20/06/08,09:00:00,medicare,tablet,75,395.7496
20/06/08,09:00:00,health,computer,737,4868.7363
20/06/08,09:00:00,medicare,computer,481,3884.3916
20/06/08,09:00:00,life,tablet,57,223.1997
20/06/08,09:00:00,health,tablet,76,407.2323
20/06/08,10:00:00,medicare,computer,571,4229.49229999999
20/06/08,10:00:00,medicare,mobile,1005,4775.5567
20/06/08,10:00:00,health,mobile,1196,5689.32320000001
20/06/08,10:00:00,health,computer,788,4943.0655
20/06/08,10:00:00,life,computer,326,2511.8123
20/06/08,10:00:00,life,mobile,971,4517.26890000001
20/06/08,10:00:00,health,tablet,60,294.5129
20/06/08,10:00:00,life,tablet,41,156.5341
20/06/08,10:00:00,medicare,tablet,85,441.9961
20/06/08,11:00:00,medicare,computer,558,4366.01669999999
20/06/08,11:00:00,health,computer,814,4910.24160000001
20/06/08,11:00:00,health,mobile,1223,5968.9672
20/06/08,11:00:00,life,mobile,927,4142.93250000001
20/06/08,11:00:00,medicare,mobile,1098,4962.9337
20/06/08,11:00:00,life,computer,387,2849.608
20/06/08,11:00:00,health,tablet,76,412.493
20/06/08,11:00:00,life,tablet,62,255.3808
20/06/08,11:00:00,medicare,tablet,93,449.4203
20/06/08,12:00:00,medicare,mobile,1051,4858.5466
20/06/08,12:00:00,health,computer,728,4561.0543
20/06/08,12:00:00,life,mobile,1067,4747.2498
20/06/08,12:00:00,life,computer,361,2711.4873
20/06/08,12:00:00,health,mobile,1204,5711.84370000001
20/06/08,12:00:00,medicare,computer,534,4007.4708
20/06/08,12:00:00,health,tablet,64,342.8896
20/06/08,12:00:00,life,tablet,79,335.8018
20/06/08,12:00:00,medicare,tablet,77,442.1722
20/06/08,13:00:00,health,mobile,1243,5742.5413
20/06/08,13:00:00,life,mobile,1023,4255.2138
20/06/08,13:00:00,health,computer,763,4644.6056
20/06/08,13:00:00,medicare,mobile,995,4468.6413
20/06/08,13:00:00,medicare,computer,464,3427.8601
20/06/08,13:00:00,life,computer,333,2619.9705
20/06/08,13:00:00,health,tablet,70,363.7911
20/06/08,13:00:00,life,tablet,80,369.175
20/06/08,13:00:00,medicare,tablet,87,391.6749
20/06/08,14:00:00,life,computer,315,2242.0422
20/06/08,14:00:00,health,mobile,1006,4331.4079
20/06/08,14:00:00,life,mobile,1099,4689.0798
20/06/08,14:00:00,medicare,mobile,827,3574.3492
20/06/08,14:00:00,health,computer,542,3218.7138
20/06/08,14:00:00,medicare,tablet,61,339.363
20/06/08,14:00:00,medicare,computer,437,3101.7068
20/06/08,14:00:00,life,tablet,85,348.1619
20/06/08,14:00:00,health,tablet,79,371.6444
20/06/08,15:00:00,medicare,mobile,817,3220.4189
20/06/08,15:00:00,health,mobile,953,3834.3845
20/06/08,15:00:00,life,mobile,903,3830.5754
20/06/08,15:00:00,health,computer,572,3139.0095
20/06/08,15:00:00,life,computer,213,1652.8224
20/06/08,15:00:00,medicare,computer,356,2105.3548
20/06/08,15:00:00,life,tablet,54,200.4006
20/06/08,15:00:00,medicare,tablet,89,420.7606
20/06/08,15:00:00,health,tablet,54,238.4778
20/06/08,15:00:00,medicare,other,2,3.3927
20/06/08,16:00:00,life,mobile,700,3211.50959999999
20/06/08,16:00:00,medicare,mobile,719,2785.4503
20/06/08,16:00:00,life,computer,252,1968.4703
20/06/08,16:00:00,health,mobile,871,3217.7076
20/06/08,16:00:00,health,computer,453,2332.2302
20/06/08,16:00:00,medicare,computer,283,1578.9476
20/06/08,16:00:00,medicare,tablet,66,378.453
20/06/08,16:00:00,health,tablet,63,239.5547
20/06/08,16:00:00,life,tablet,43,177.5341
20/06/08,17:00:00,health,computer,441,1730.5267
20/06/08,17:00:00,health,mobile,810,2724.892
20/06/08,17:00:00,life,tablet,38,133.3914
20/06/08,17:00:00,medicare,mobile,490,2004.8027
20/06/08,17:00:00,medicare,tablet,61,293.8367
20/06/08,17:00:00,health,tablet,57,194.9007
20/06/08,17:00:00,life,mobile,529,2558.8835
20/06/08,17:00:00,medicare,computer,265,1585.5944
20/06/08,17:00:00,life,computer,181,1383.6652
20/06/08,18:00:00,health,computer,374,1342.401
20/06/08,18:00:00,health,mobile,880,2772.4644
20/06/08,18:00:00,life,mobile,480,2677.524
20/06/08,18:00:00,medicare,computer,179,961.476
20/06/08,18:00:00,medicare,mobile,449,1742.4644
20/06/08,18:00:00,life,computer,185,1722.4209
20/06/08,18:00:00,life,tablet,29,142.2015
20/06/08,18:00:00,health,tablet,53,144.0736
20/06/08,18:00:00,medicare,tablet,27,76.204
20/06/08,19:00:00,health,computer,319,1011.1633
20/06/08,19:00:00,life,mobile,352,1834.1823
20/06/08,19:00:00,medicare,computer,152,904.7804
20/06/08,19:00:00,health,mobile,883,2546.0392
20/06/08,19:00:00,medicare,mobile,376,1442.5497
20/06/08,19:00:00,health,tablet,60,195.4504
20/06/08,19:00:00,medicare,tablet,30,129.5575
20/06/08,19:00:00,life,computer,113,723.3719
20/06/08,19:00:00,life,tablet,30,69.0958
20/06/08,20:00:00,health,mobile,908,2514.13599999999
20/06/08,20:00:00,medicare,mobile,356,1397.7485
20/06/08,20:00:00,health,tablet,61,147.4132
20/06/08,20:00:00,health,computer,285,855.3298
20/06/08,20:00:00,life,computer,120,924.9176
20/06/08,20:00:00,life,mobile,330,1672.0969
20/06/08,20:00:00,medicare,tablet,26,96.9145
20/06/08,20:00:00,medicare,computer,116,627.1074
20/06/08,20:00:00,life,tablet,42,155.359
20/06/08,21:00:00,life,mobile,265,1302.1578
20/06/08,21:00:00,health,computer,152,388.9888
20/06/08,21:00:00,life,computer,101,740.1181
20/06/08,21:00:00,health,mobile,630,1753.6971
20/06/08,21:00:00,medicare,computer,56,381.9581
20/06/08,21:00:00,medicare,mobile,235,963.1529
20/06/08,21:00:00,life,tablet,25,82.4351
20/06/08,21:00:00,health,tablet,45,123.6099
20/06/08,21:00:00,medicare,tablet,23,114.6453
20/06/08,22:00:00,health,mobile,459,1292.2951
20/06/08,22:00:00,life,computer,65,483.9674
20/06/08,22:00:00,medicare,mobile,172,608.0127
20/06/08,22:00:00,medicare,computer,50,276.9428
20/06/08,22:00:00,life,mobile,236,1081.6127
20/06/08,22:00:00,health,computer,89,278.4827
20/06/08,22:00:00,medicare,tablet,6,32.8713
20/06/08,22:00:00,health,tablet,13,35.7772
20/06/08,22:00:00,life,tablet,12,34.5243
20/06/08,23:00:00,health,mobile,362,1031.7043
20/06/08,23:00:00,medicare,mobile,168,557.0293
20/06/08,23:00:00,life,mobile,170,675.3214
20/06/08,23:00:00,health,computer,91,255.8162
20/06/08,23:00:00,medicare,computer,31,166.4024
20/06/08,23:00:00,life,computer,51,249.7122
20/06/08,23:00:00,life,tablet,6,14.9933
20/06/08,23:00:00,medicare,tablet,8,26.2774
20/06/08,23:00:00,health,tablet,6,14.1652
20/06/09,00:00:00,health,mobile,274,790.1429
20/06/09,00:00:00,life,computer,51,265.9736
20/06/09,00:00:00,health,computer,57,151.2217
20/06/09,00:00:00,life,tablet,8,27.8414
20/06/09,00:00:00,life,mobile,151,703.8517
20/06/09,00:00:00,medicare,mobile,109,459.4341
20/06/09,00:00:00,medicare,computer,27,160.2009
20/06/09,00:00:00,medicare,tablet,3,11.2799
20/06/09,00:00:00,health,tablet,4,10.976
20/06/09,01:00:00,medicare,mobile,109,427.8872
20/06/09,01:00:00,health,mobile,356,1006.2634
20/06/09,01:00:00,life,mobile,126,545.2198
20/06/09,01:00:00,health,computer,57,175.7292
20/06/09,01:00:00,medicare,computer,17,66.5649
20/06/09,01:00:00,life,computer,30,203.5434
20/06/09,01:00:00,health,tablet,18,59.4267
20/06/09,01:00:00,medicare,tablet,5,18.6444
20/06/09,01:00:00,life,tablet,6,25.1758
20/06/09,02:00:00,health,mobile,294,1016.9046
20/06/09,02:00:00,medicare,computer,31,200.7369
20/06/09,02:00:00,health,computer,43,154.8814
20/06/09,02:00:00,medicare,mobile,132,550.912
20/06/09,02:00:00,life,tablet,3,8.5909
20/06/09,02:00:00,life,mobile,144,536.6234
20/06/09,02:00:00,health,tablet,9,34.8463
20/06/09,02:00:00,life,computer,31,159.3166
20/06/09,02:00:00,medicare,tablet,7,53.1072
20/06/09,03:00:00,life,mobile,216,924.239
20/06/09,03:00:00,health,computer,81,313.8769
20/06/09,03:00:00,health,mobile,393,1600.3623
20/06/09,03:00:00,medicare,mobile,184,815.4925
20/06/09,03:00:00,life,tablet,13,38.4949
20/06/09,03:00:00,life,computer,30,215.9565
20/06/09,03:00:00,medicare,computer,61,395.8968
20/06/09,03:00:00,health,tablet,7,25.2982
20/06/09,03:00:00,medicare,tablet,9,48.5278
20/06/09,04:00:00,medicare,computer,119,843.0521
20/06/09,04:00:00,medicare,mobile,297,1284.3731
20/06/09,04:00:00,health,computer,166,689.9771
20/06/09,04:00:00,health,mobile,517,2081.6101
20/06/09,04:00:00,life,mobile,324,1430.585
20/06/09,04:00:00,life,computer,72,430.3222
20/06/09,04:00:00,health,tablet,25,95.367
20/06/09,04:00:00,life,tablet,13,51.1478
20/06/09,04:00:00,medicare,tablet,23,120.2633
20/06/09,05:00:00,life,mobile,530,2194.7297
20/06/09,05:00:00,health,mobile,639,2627.0673
20/06/09,05:00:00,life,computer,135,794.6407
20/06/09,05:00:00,health,computer,241,1134.738
20/06/09,05:00:00,medicare,mobile,446,2114.3356
20/06/09,05:00:00,medicare,computer,137,1085.9166
20/06/09,05:00:00,medicare,tablet,32,186.8712
20/06/09,05:00:00,health,tablet,40,145.2934
20/06/09,05:00:00,life,tablet,20,81.2607
20/06/09,06:00:00,health,computer,474,2753.5538
20/06/09,06:00:00,life,computer,225,1765.9862
20/06/09,06:00:00,medicare,computer,272,2083.2965
20/06/09,06:00:00,health,mobile,769,3791.8733
20/06/09,06:00:00,medicare,mobile,626,2913.5598
20/06/09,06:00:00,life,mobile,794,3814.553
20/06/09,06:00:00,medicare,tablet,44,215.3829
20/06/09,06:00:00,health,tablet,47,266.8286
20/06/09,06:00:00,life,tablet,55,217.9698
20/06/09,07:00:00,health,mobile,950,4681.8281
20/06/09,07:00:00,life,mobile,902,4401.1816
20/06/09,07:00:00,health,computer,631,4007.2385
20/06/09,07:00:00,medicare,computer,396,3083.5568
20/06/09,07:00:00,medicare,mobile,799,3758.08870000001
20/06/09,07:00:00,life,tablet,52,231.0275
20/06/09,07:00:00,life,computer,259,1940.9984
20/06/09,07:00:00,medicare,tablet,76,280.7152
20/06/09,07:00:00,health,tablet,43,203.1026
20/06/09,08:00:00,health,mobile,1019,5069.50190000001
20/06/09,08:00:00,life,computer,330,2756.1997
20/06/09,08:00:00,health,computer,720,4553.0465
20/06/09,08:00:00,life,mobile,929,4487.59190000001
20/06/09,08:00:00,medicare,mobile,795,3740.0151
20/06/09,08:00:00,medicare,computer,390,2947.9896
20/06/09,08:00:00,life,tablet,64,357.0376
20/06/09,08:00:00,medicare,tablet,77,338.9241
20/06/09,08:00:00,health,tablet,65,290.5163
20/06/09,09:00:00,medicare,computer,410,3051.2864
20/06/09,09:00:00,life,mobile,971,4135.6086
20/06/09,09:00:00,life,computer,264,2043.5111
20/06/09,09:00:00,health,mobile,1014,5141.8487
20/06/09,09:00:00,medicare,mobile,788,3658.87370000001
20/06/09,09:00:00,health,computer,711,4714.8142
20/06/09,09:00:00,life,tablet,49,176.5576
20/06/09,09:00:00,medicare,tablet,80,380.8384
20/06/09,09:00:00,health,tablet,42,215.5834
20/06/09,10:00:00,life,mobile,1137,5087.94029999999
20/06/09,10:00:00,health,mobile,1029,5032.3793
20/06/09,10:00:00,medicare,computer,431,3249.3004
20/06/09,10:00:00,medicare,mobile,776,3647.6596
20/06/09,10:00:00,health,computer,744,4680.3464
20/06/09,10:00:00,life,computer,314,2582.5092
20/06/09,10:00:00,health,tablet,71,381.9571
20/06/09,10:00:00,life,tablet,61,218.4295
20/06/09,10:00:00,medicare,tablet,87,417.3065
20/06/09,11:00:00,life,mobile,1120,4835.5875
20/06/09,11:00:00,health,computer,687,4631.9945
20/06/09,11:00:00,medicare,mobile,828,3712.04230000001
20/06/09,11:00:00,health,mobile,1054,5343.4671
20/06/09,11:00:00,life,computer,325,2538.9159
20/06/09,11:00:00,health,tablet,69,421.5669
20/06/09,11:00:00,medicare,tablet,82,360.7461
20/06/09,11:00:00,medicare,computer,490,3645.0908
20/06/09,11:00:00,life,tablet,68,274.8185
20/06/09,12:00:00,health,mobile,1107,5283.18770000001
20/06/09,12:00:00,medicare,mobile,816,3800.5133
20/06/09,12:00:00,life,mobile,1028,4460.0791
20/06/09,12:00:00,life,computer,405,3019.8724
20/06/09,12:00:00,life,tablet,77,375.5749
20/06/09,12:00:00,medicare,computer,445,3212.429
20/06/09,12:00:00,medicare,tablet,86,394.0146
20/06/09,12:00:00,health,tablet,73,360.2037
20/06/09,12:00:00,health,computer,643,3904.718
20/06/09,13:00:00,medicare,mobile,729,3570.9797
20/06/09,13:00:00,life,mobile,1021,4304.5941
20/06/09,13:00:00,health,mobile,1060,5073.1662
20/06/09,13:00:00,health,computer,609,3828.4185
20/06/09,13:00:00,life,computer,415,2884.9981
20/06/09,13:00:00,medicare,computer,371,2797.6043
20/06/09,13:00:00,life,tablet,73,280.0555
20/06/09,13:00:00,medicare,tablet,67,379.3656
20/06/09,13:00:00,health,tablet,43,225.7697
20/06/09,14:00:00,health,computer,554,3388.3337
20/06/09,14:00:00,life,mobile,1046,4429.9703
20/06/09,14:00:00,life,computer,389,2584.9745
20/06/09,14:00:00,medicare,computer,336,2600.2812
20/06/09,14:00:00,health,mobile,1009,4798.51870000001
20/06/09,14:00:00,medicare,mobile,627,2845.4287
20/06/09,14:00:00,medicare,tablet,61,333.2391
20/06/09,14:00:00,health,tablet,69,353.8094
20/06/09,14:00:00,life,tablet,66,258.3319
20/06/09,15:00:00,life,mobile,888,3761.5637
20/06/09,15:00:00,medicare,computer,250,1813.4029
20/06/09,15:00:00,medicare,mobile,558,2496.9594
20/06/09,15:00:00,health,tablet,44,214.7129
20/06/09,15:00:00,life,tablet,69,270.977
20/06/09,15:00:00,health,mobile,1060,4792.57400000001
20/06/09,15:00:00,medicare,tablet,47,256.7319
20/06/09,15:00:00,health,computer,452,2589.9162
20/06/09,15:00:00,life,computer,303,2178.7523
20/06/09,16:00:00,medicare,mobile,361,1538.7979
20/06/09,16:00:00,life,mobile,720,3518.3158
20/06/09,16:00:00,health,mobile,877,3452.8075
20/06/09,16:00:00,health,computer,407,2101.2137
20/06/09,16:00:00,life,tablet,51,223.5634
20/06/09,16:00:00,medicare,computer,217,1504.5676
20/06/09,16:00:00,life,computer,208,1597.0391
20/06/09,16:00:00,medicare,tablet,40,226.1902
20/06/09,16:00:00,health,tablet,54,234.3318
20/06/09,17:00:00,life,mobile,574,2823.0573
20/06/09,17:00:00,health,mobile,852,3053.598
20/06/09,17:00:00,health,computer,472,1927.28
20/06/09,17:00:00,medicare,computer,162,1048.9102
20/06/09,17:00:00,medicare,mobile,228,1042.7887
20/06/09,17:00:00,life,tablet,34,159.1429
20/06/09,17:00:00,life,computer,223,1708.1267
20/06/09,17:00:00,health,tablet,60,235.9774
20/06/09,17:00:00,medicare,tablet,29,165.0348
20/06/09,18:00:00,health,mobile,990,3217.3217
20/06/09,18:00:00,medicare,mobile,201,709.0753
20/06/09,18:00:00,life,mobile,524,2850.5275
20/06/09,18:00:00,health,computer,344,1143.2501
20/06/09,18:00:00,health,tablet,88,290.768
20/06/09,18:00:00,medicare,computer,129,882.1245
20/06/09,18:00:00,life,computer,166,1129.519
20/06/09,18:00:00,life,tablet,38,180.2589
20/06/09,18:00:00,medicare,tablet,29,115.0322
20/06/09,19:00:00,health,tablet,42,125.5413
20/06/09,19:00:00,health,computer,351,1213.4897
20/06/09,19:00:00,medicare,mobile,139,516.7963
20/06/09,19:00:00,health,mobile,982,3065.8056
20/06/09,19:00:00,medicare,computer,90,460.6671
20/06/09,19:00:00,life,mobile,417,2341.3378
20/06/09,19:00:00,life,computer,147,1045.7923
20/06/09,19:00:00,medicare,tablet,16,61.4292
20/06/09,19:00:00,life,tablet,27,220.7157
20/06/09,20:00:00,medicare,mobile,148,486.3488
20/06/09,20:00:00,health,mobile,893,2624.1592
20/06/09,20:00:00,health,computer,253,717.0136
20/06/09,20:00:00,medicare,computer,88,600.8738
20/06/09,20:00:00,life,mobile,380,1866.0163
20/06/09,20:00:00,life,computer,119,956.1809
20/06/09,20:00:00,health,tablet,58,167.2519
20/06/09,20:00:00,life,tablet,26,109.6026
20/06/09,20:00:00,medicare,tablet,13,54.5067
20/06/09,21:00:00,medicare,computer,52,340.9706
20/06/09,21:00:00,life,mobile,298,1434.1115
20/06/09,21:00:00,health,mobile,726,2101.2139
20/06/09,21:00:00,health,computer,189,635.0292
20/06/09,21:00:00,medicare,mobile,132,445.3953
20/06/09,21:00:00,medicare,tablet,17,67.448
20/06/09,21:00:00,life,tablet,28,98.0539
20/06/09,21:00:00,life,computer,54,318.1818
20/06/09,21:00:00,health,tablet,27,75.456
20/06/09,22:00:00,medicare,mobile,101,341.0251
20/06/09,22:00:00,health,mobile,600,1746.0073
20/06/09,22:00:00,life,mobile,278,1167.4675
20/06/09,22:00:00,health,computer,122,388.1401
20/06/09,22:00:00,health,tablet,14,39.7133
20/06/09,22:00:00,life,computer,46,300.7269
20/06/09,22:00:00,medicare,computer,34,232.5005
20/06/09,22:00:00,life,tablet,11,27.7988
20/06/09,22:00:00,medicare,tablet,10,37.4534
20/06/09,23:00:00,health,mobile,509,1337.0263
20/06/09,23:00:00,life,mobile,210,877.6046
20/06/09,23:00:00,health,computer,95,273.9231
20/06/09,23:00:00,medicare,mobile,80,256.2513
20/06/09,23:00:00,life,computer,25,145.1205
20/06/09,23:00:00,medicare,computer,22,126.8806
20/06/09,23:00:00,medicare,tablet,10,41.6088
20/06/09,23:00:00,health,tablet,15,46.489
20/06/09,23:00:00,life,tablet,8,73.6936
